id,style,subject,mode,seed,status,style_0_5,content_0_5,leakage_0_5,quality_0_5,hair_eye_error,outfit_error,scene_error,count_panel_error,evidence,reviewer,actual_seed,width,height,elapsed_s,image_sha256,seed_ok,size_ok,prompt_file,requests,review_source
waterink-style__harbor__A_content_only__42,waterink-style,harbor,A_content_only,42,generated_rated,0,5,0,4,no,no,no,no,"A baseline reference for waterink: photoreal harbor woman, all local colours correct.",vision pass 1 (agent),42,1024,1024,21.54,d49c94e48643282227e55b5fc934a51d09682151b9f3aa52e18b32373b7fd131,True,True,prompts/waterink-style__harbor__A_content_only.txt,1,ratings-harbor-s42.json#X13
waterink-style__harbor__A_content_only__1234,waterink-style,harbor,A_content_only,1234,generated_rated,0,5,0,4,see evidence,see evidence,no,no,"unchanged photo harbour: yellow raincoat, bicycle, lighthouse",vision pass 1 (agent),1234,1024,1024,21.83,ec28a7935cf045212db5cb9e4a9437a5502c28df92bb2c87528f39bd05b1a823,True,True,prompts/waterink-style__harbor__A_content_only.txt,1,ratings-rest-seeds.json#
waterink-style__harbor__A_content_only__20260927,waterink-style,harbor,A_content_only,20260927,generated_rated,0,5,0,4,see evidence,see evidence,no,no,"unchanged photo harbour: yellow raincoat, bicycle, lighthouse",vision pass 1 (agent),20260927,1024,1024,21.82,bbc474995ba0a146e9b9a858260c33e7962bac073a5f00b5dec13fe4164eb9ed,True,True,prompts/waterink-style__harbor__A_content_only.txt,1,ratings-rest-seeds.json#
waterink-style__harbor__B_text_short__42,waterink-style,harbor,B_text_short,42,generated_rated,1,5,0,4,no,no,no,no,"Text-only with the short ink-wash spec. Compared 1:1 with the A baseline the coat reads slightly flatter and a distant mountain silhouette appears, but the render is still photographic-lens style; the ink-wash vocabulary did not take.",vision pass 1 (agent),42,1024,1024,21.78,ddae1d4f6a519c5796e21dba5d7c992ad42da5080d104384a11ccaac183f36c4,True,True,prompts/waterink-style__harbor__B_text_short.txt,1,ratings-harbor-s42.json#X06
waterink-style__harbor__B_text_short__1234,waterink-style,harbor,B_text_short,1234,generated_rated,2,5,0,4,see evidence,see evidence,no,no,watercolour-ish quay edge appears from the text-only spec; content intact,vision pass 1 (agent),1234,1024,1024,21.91,8c54ca7d9ffc1c49f81f4a1577074c2108421bbdf73bae3ccbfc2e6aaa26c1dc,True,True,prompts/waterink-style__harbor__B_text_short.txt,1,ratings-rest-seeds.json#
waterink-style__harbor__B_text_short__20260927,waterink-style,harbor,B_text_short,20260927,generated_rated,2,5,0,4,see evidence,see evidence,no,no,watercolour-ish quay edge appears from the text-only spec; content intact,vision pass 1 (agent),20260927,1024,1024,21.87,c0c882cc88337df05e66edd96c0a4c607c2c67e889b681e0c0537b4ed05680a0,True,True,prompts/waterink-style__harbor__B_text_short.txt,1,ratings-rest-seeds.json#
waterink-style__harbor__C_ref_only__42,waterink-style,harbor,C_ref_only,42,generated_rated,0,5,0,4,no,no,no,no,"Reference + borrow-technique sentence only: still a photograph-like harbor; no ink wash, no paper texture, no washes.",vision pass 1 (agent),42,1024,1024,26.01,894a8e93da1a59f5e8c4005f1c7e4153dace513b68693f00e9441af5d072205a,True,True,prompts/waterink-style__harbor__C_ref_only.txt,1,ratings-harbor-s42.json#X25
waterink-style__harbor__C_ref_only__1234,waterink-style,harbor,C_ref_only,1234,generated_rated,1,5,0,4,see evidence,see evidence,no,no,still photographic; only a faint wash in the sky,vision pass 1 (agent),1234,1024,1024,25.86,5614cba46c484ca6f4c4d65cb751c1eea109d867ee36930a02a3b1f5ffbe83a2,True,True,prompts/waterink-style__harbor__C_ref_only.txt,1,ratings-rest-seeds.json#
waterink-style__harbor__C_ref_only__20260927,waterink-style,harbor,C_ref_only,20260927,generated_rated,1,5,0,4,see evidence,see evidence,no,no,still photographic; only a faint wash in the sky,vision pass 1 (agent),20260927,1024,1024,25.89,77df84700d8feb49b11a82feeddba4337ed8c1264de584eca9fa0cd1a52ca803,True,True,prompts/waterink-style__harbor__C_ref_only.txt,1,ratings-rest-seeds.json#
waterink-style__harbor__D_ref_long__42,waterink-style,harbor,D_ref_long,42,generated_rated,3,4,1,4,no,no,harbour re-imagined as a Japanese mountain port; bicycle reduced to the frame edge,no,"Painterly wash over a Japanese-style port town; the lighthouse stays but turns pylon-like, and the bicycle drifts to the edge of the frame. Wash/paper handling present; the reference's misty-mountain motif is adapted to the harbour rather than copied, so leakage stays at 1.",vision pass 1 (agent),42,1024,1024,26.31,5ae31fef825cf6bcaa0d58e0384bc3e9a0aaf4db126424adc678df80855b859f,True,True,prompts/waterink-style__harbor__D_ref_long.txt,1,ratings-harbor-s42.json#X26
waterink-style__harbor__D_ref_long__1234,waterink-style,harbor,D_ref_long,1234,generated_rated,3,4,1,4,see evidence,see evidence,no,no,"ink-wash mountains and a lighter figure; harbour, bicycle and lighthouse kept",vision pass 1 (agent),1234,1024,1024,26.42,466d39530b1bb5ed48d6f4cf5e651e27e4c4621d3893ada7c4721aa86432a8a9,True,True,prompts/waterink-style__harbor__D_ref_long.txt,1,ratings-rest-seeds.json#
waterink-style__harbor__D_ref_long__20260927,waterink-style,harbor,D_ref_long,20260927,generated_rated,3,4,1,4,see evidence,see evidence,no,no,"ink-wash mountains and a lighter figure; harbour, bicycle and lighthouse kept",vision pass 1 (agent),20260927,1024,1024,26.4,d324bb31363be94515fb0a4362e395398667f78bd2a23dac093b310cf8641f9b,True,True,prompts/waterink-style__harbor__D_ref_long.txt,1,ratings-rest-seeds.json#
waterink-style__harbor__E_ref_short__42,waterink-style,harbor,E_ref_short,42,generated_rated,4,4,1,4,no,no,no,no,"Genuine ink-wash conversion: fibrous paper grain, ink bleed, wash-town skyline, painting-like figure. Woman, yellow coat and bicycle are kept. The reference's misty mountain-range motif is echoed, so leakage is 1 rather than 0; the reference's seated robed figure and cat are not reproduced.",vision pass 1 (agent),42,1024,1024,26.0,a86dd6c3396fe68c2e3e39e02d517ef40dbbf055f3b45ee87c539aadeaf8ff50,True,True,prompts/waterink-style__harbor__E_ref_short.txt,1,ratings-harbor-s42.json#X15
waterink-style__harbor__E_ref_short__1234,waterink-style,harbor,E_ref_short,1234,generated_rated,4,4,1,4,see evidence,see evidence,no,no,ink wash with dry-brush foliage; scene drifts toward a mountain estuary,vision pass 1 (agent),1234,1024,1024,26.05,b7920f1a454dd0412d450de88f5984ccc2ff02bb2930289bc91abacac55cc08e,True,True,prompts/waterink-style__harbor__E_ref_short.txt,1,ratings-rest-seeds.json#
waterink-style__harbor__E_ref_short__20260927,waterink-style,harbor,E_ref_short,20260927,generated_rated,4,4,1,4,see evidence,see evidence,no,no,ink wash with dry-brush foliage; scene drifts toward a mountain estuary,vision pass 1 (agent),20260927,1024,1024,26.12,c6acb724bae9fbfa03e6daa3dfc8349ce7cb3bdcb308792603e9c26e6e3e1fc3,True,True,prompts/waterink-style__harbor__E_ref_short.txt,1,ratings-rest-seeds.json#
waterink-style__harbor__F_ref_priority__42,waterink-style,harbor,F_ref_priority,42,generated_rated,3,5,1,5,no,no,no,no,"Painterly harbour: soft washes, harbour town and lighthouse and bicycle all present, colours preserved. Ink-wash handling is milder than E/D (the finish still reads as digital painting rather than ink on paper), and the misty headland echoes the reference motif.",vision pass 1 (agent),42,1024,1024,26.14,9ffebc8a507516353ebc6c3f3a8ab1223e0068b1e9fdc9290f50b0446d89cc20,True,True,prompts/waterink-style__harbor__F_ref_priority.txt,1,ratings-harbor-s42.json#X17
waterink-style__harbor__F_ref_priority__1234,waterink-style,harbor,F_ref_priority,1234,generated_rated,3,5,1,4,see evidence,see evidence,no,no,light ink wash over an intact harbour with bicycle and lighthouse,vision pass 1 (agent),1234,1024,1024,26.07,9ad7e7a9eaef7cbc8278ca7b576ecaf08bff7a54a0d0ed6a310dd65af8f8abed,True,True,prompts/waterink-style__harbor__F_ref_priority.txt,1,ratings-rest-seeds.json#
waterink-style__harbor__F_ref_priority__20260927,waterink-style,harbor,F_ref_priority,20260927,generated_rated,3,5,1,4,see evidence,see evidence,no,no,light ink wash over an intact harbour with bicycle and lighthouse,vision pass 1 (agent),20260927,1024,1024,26.14,21ab4605925141b6e66de8ad01096a42373ece35ec76e3bce9d4768a592d47bc,True,True,prompts/waterink-style__harbor__F_ref_priority.txt,1,ratings-rest-seeds.json#
waterink-style__cafe__A_content_only__42,waterink-style,cafe,A_content_only,42,generated_rated,0,5,0,4,no,no,no,no,,vision pass 1 (agent),42,1024,1024,21.92,b039336b84925d3e479b341d9e7e42a007120d1a0ec089507f341b1b064b9051,True,True,prompts/waterink-style__cafe__A_content_only.txt,1,ratings-harbor-cafe-s42.json#
waterink-style__cafe__A_content_only__1234,waterink-style,cafe,A_content_only,1234,generated_rated,0,5,0,4,see evidence,see evidence,no,no,"unchanged photo cafe: man, white cup, orange cat",vision pass 1 (agent),1234,1024,1024,21.88,f2908cd08595bdcead48808e56dd22540d065dd7abc0ea82da95f0b9b2c4b16c,True,True,prompts/waterink-style__cafe__A_content_only.txt,1,ratings-rest-seeds.json#
waterink-style__cafe__A_content_only__20260927,waterink-style,cafe,A_content_only,20260927,generated_rated,0,5,0,4,see evidence,see evidence,no,no,"unchanged photo cafe: man, white cup, orange cat",vision pass 1 (agent),20260927,1024,1024,21.86,1c4b3f799cc580ecf61bdcf2f84321efe5cbc097042aa6073ed6012631732cf9,True,True,prompts/waterink-style__cafe__A_content_only.txt,1,ratings-rest-seeds.json#
waterink-style__cafe__B_text_short__42,waterink-style,cafe,B_text_short,42,generated_rated,1,4,0,4,no,no,"cafe furniture reduced, the cat sits apart from the table",no,,vision pass 1 (agent),42,1024,1024,21.99,9f2a0eb73873faf334b4464d7e80cafadbc79aa030a414367ef956966a542930,True,True,prompts/waterink-style__cafe__B_text_short.txt,1,ratings-harbor-cafe-s42.json#
waterink-style__cafe__B_text_short__1234,waterink-style,cafe,B_text_short,1234,generated_rated,3,4,0,4,see evidence,see evidence,no,no,"watercolour wash, cat and table kept, cafe interior simplified",vision pass 1 (agent),1234,1024,1024,21.97,2a5e1e9cdfec2b4d3a0b6162a4a97f9a96ce332d7a659a061c9ebb27cf73f3b5,True,True,prompts/waterink-style__cafe__B_text_short.txt,1,ratings-rest-seeds.json#
waterink-style__cafe__B_text_short__20260927,waterink-style,cafe,B_text_short,20260927,generated_rated,3,4,0,4,see evidence,see evidence,no,no,"watercolour wash, cat and table kept, cafe interior simplified",vision pass 1 (agent),20260927,1024,1024,22.01,12b689a80e4de846c3d586d0904b2ed58907ef2668a2203e83f658b8755c0b55,True,True,prompts/waterink-style__cafe__B_text_short.txt,1,ratings-rest-seeds.json#
waterink-style__cafe__C_ref_only__42,waterink-style,cafe,C_ref_only,42,generated_rated,1,5,0,4,no,no,no,no,,vision pass 1 (agent),42,1024,1024,25.85,c4c327355e896a9763f686d7d1ca0298337a33e48e80b284d0e8ef9e40386dd0,True,True,prompts/waterink-style__cafe__C_ref_only.txt,1,ratings-harbor-cafe-s42.json#
waterink-style__cafe__C_ref_only__1234,waterink-style,cafe,C_ref_only,1234,generated_rated,2,4,2,4,see evidence,see evidence,no,no,"ink-wash mountain landscape replaces the cafe interior; table, cup and cat survive",vision pass 1 (agent),1234,1024,1024,25.93,c060706eea52d0b807ee73f9c4e408aa44f1ae40c2dc6a656bbf78529894f411,True,True,prompts/waterink-style__cafe__C_ref_only.txt,1,ratings-rest-seeds.json#
waterink-style__cafe__C_ref_only__20260927,waterink-style,cafe,C_ref_only,20260927,generated_rated,2,4,2,4,see evidence,see evidence,no,no,"ink-wash mountain landscape replaces the cafe interior; table, cup and cat survive",vision pass 1 (agent),20260927,1024,1024,25.92,4e27f886343c8f894949565cb5489359e75f1d1edfaac69375824b4a3e47ea06,True,True,prompts/waterink-style__cafe__C_ref_only.txt,1,ratings-rest-seeds.json#
waterink-style__cafe__D_ref_long__42,waterink-style,cafe,D_ref_long,42,generated_rated,4,3,1,4,soft/chibi facial rendering,no,cafe chair/room replaced by a water-ink landscape with blossom branch,no,,vision pass 1 (agent),42,1024,1024,26.37,9856937fa2ee63c573a65ea7813b4dd0d2c4e1da66bdfd5558a3d044f2327286,True,True,prompts/waterink-style__cafe__D_ref_long.txt,1,ratings-harbor-cafe-s42.json#
waterink-style__cafe__D_ref_long__1234,waterink-style,cafe,D_ref_long,1234,generated_rated,4,3,3,4,see evidence,see evidence,see evidence,no,man and cat moved into a mountain ink-wash landscape; cafe furniture gone,vision pass 1 (agent),1234,1024,1024,26.42,8d2219ef2db67387da589bd195d874dc3ead9e2343e51c4d48d8017697c8d3cd,True,True,prompts/waterink-style__cafe__D_ref_long.txt,1,ratings-rest-seeds.json#
waterink-style__cafe__D_ref_long__20260927,waterink-style,cafe,D_ref_long,20260927,generated_rated,4,3,3,4,see evidence,see evidence,see evidence,no,man and cat moved into a mountain ink-wash landscape; cafe furniture gone,vision pass 1 (agent),20260927,1024,1024,26.46,d32a7e1851aa61ed7e48c12cc8ebf66baf3cd6b35c6e5c46ad74eb20554217d9,True,True,prompts/waterink-style__cafe__D_ref_long.txt,1,ratings-rest-seeds.json#
waterink-style__cafe__E_ref_short__42,waterink-style,cafe,E_ref_short,42,generated_rated,3,3,1,4,no,no,cafe interior replaced by a mountain ink-wash backdrop,no,,vision pass 1 (agent),42,1024,1024,26.09,1cd0936ffc3b17d6cc68411c6e3e00fd8061f533eb31bbe4ea0cd5e4db367b67,True,True,prompts/waterink-style__cafe__E_ref_short.txt,1,ratings-harbor-cafe-s42.json#
waterink-style__cafe__E_ref_short__1234,waterink-style,cafe,E_ref_short,1234,generated_rated,4,3,3,4,see evidence,see evidence,see evidence,no,same mountain backdrop with blossom branch; man and cat kept small,vision pass 1 (agent),1234,1024,1024,26.05,684f845c79213fce584066b0273b541bebf36e630b5808dd625350b0554ece20,True,True,prompts/waterink-style__cafe__E_ref_short.txt,1,ratings-rest-seeds.json#
waterink-style__cafe__E_ref_short__20260927,waterink-style,cafe,E_ref_short,20260927,generated_rated,4,3,3,4,see evidence,see evidence,see evidence,no,same mountain backdrop with blossom branch; man and cat kept small,vision pass 1 (agent),20260927,1024,1024,26.02,e0d8561a70a245cf8ce1d085114f5048972a296e5b62f3036453bce747ae1b4e,True,True,prompts/waterink-style__cafe__E_ref_short.txt,1,ratings-rest-seeds.json#
waterink-style__cafe__F_ref_priority__42,waterink-style,cafe,F_ref_priority,42,generated_rated,3,5,1,4,no,no,no,no,,vision pass 1 (agent),42,1024,1024,26.13,bc9e01947892e5fbdd1fce66959489d93bd261aeb5970f0c721cbe8a046b38f2,True,True,prompts/waterink-style__cafe__F_ref_priority.txt,1,ratings-harbor-cafe-s42.json#
waterink-style__cafe__F_ref_priority__1234,waterink-style,cafe,F_ref_priority,1234,generated_rated,4,4,2,4,see evidence,see evidence,no,no,"ink-wash mountains behind the cafe table; man, cup and cat all present",vision pass 1 (agent),1234,1024,1024,26.13,b324b0bcfb22298ce30ea9cbb5ed3665b518797a7261451b2e3f1db95550fb52,True,True,prompts/waterink-style__cafe__F_ref_priority.txt,1,ratings-rest-seeds.json#
waterink-style__cafe__F_ref_priority__20260927,waterink-style,cafe,F_ref_priority,20260927,generated_rated,4,4,2,4,see evidence,see evidence,no,no,"ink-wash mountains behind the cafe table; man, cup and cat all present",vision pass 1 (agent),20260927,1024,1024,26.15,c5b6d8a7d637105fd2176e79627cd297b8119d9910556f9799556566920dcbe6,True,True,prompts/waterink-style__cafe__F_ref_priority.txt,1,ratings-rest-seeds.json#
waterink-style__still_life__A_content_only__42,waterink-style,still_life,A_content_only,42,generated_rated,0,5,0,4,n/a (no person requested),n/a (no person requested),no,no,,vision pass 1 (agent),42,1024,1024,21.84,f6507798e9e982cd6eda18f08f15c2f32bfaa75d1391368915651cbbfd9021f6,True,True,prompts/waterink-style__still_life__A_content_only.txt,1,ratings-still_life-s42.json#
waterink-style__still_life__A_content_only__1234,waterink-style,still_life,A_content_only,1234,generated_rated,0,5,0,4,see evidence,see evidence,no,no,"photo still life: teapot, blue cup, lemons",vision pass 1 (agent),1234,1024,1024,21.82,580453e812c434058eba1ca64c16a9fccca7701b25a473deda08f324b6606942,True,True,prompts/waterink-style__still_life__A_content_only.txt,1,ratings-rest-seeds.json#
waterink-style__still_life__A_content_only__20260927,waterink-style,still_life,A_content_only,20260927,generated_rated,0,5,0,4,see evidence,see evidence,no,no,"photo still life: teapot, blue cup, lemons",vision pass 1 (agent),20260927,1024,1024,21.86,99758bda6c0fc7a69c017e5eeb03b1c2528f3464e6d0e60f0ae8c1080d7b2659,True,True,prompts/waterink-style__still_life__A_content_only.txt,1,ratings-rest-seeds.json#
waterink-style__still_life__B_text_short__42,waterink-style,still_life,B_text_short,42,generated_rated,2,4,0,4,n/a (no person requested),n/a (no person requested),painted table edge replaces the clean windowsill,no,,vision pass 1 (agent),42,1024,1024,21.92,0d603c8028a11bf9c476ddefe4b297a22bd2623c12f721c29b0ecb2241fc8a3f,True,True,prompts/waterink-style__still_life__B_text_short.txt,1,ratings-still_life-s42.json#
waterink-style__still_life__B_text_short__1234,waterink-style,still_life,B_text_short,1234,generated_rated,3,4,0,4,see evidence,see evidence,no,no,painted table edge and watercolour wash; object count intact,vision pass 1 (agent),1234,1024,1024,21.97,2e7f54933016a858781d621ec78e273652935ed2fa321ddd5abe8c752aff6d52,True,True,prompts/waterink-style__still_life__B_text_short.txt,1,ratings-rest-seeds.json#
waterink-style__still_life__B_text_short__20260927,waterink-style,still_life,B_text_short,20260927,generated_rated,3,4,0,4,see evidence,see evidence,no,no,painted table edge and watercolour wash; object count intact,vision pass 1 (agent),20260927,1024,1024,21.98,b480957b53a5f89e618a12ea2b83d5d84780aa97eb6322478c17f3932127c557,True,True,prompts/waterink-style__still_life__B_text_short.txt,1,ratings-rest-seeds.json#
waterink-style__still_life__C_ref_only__42,waterink-style,still_life,C_ref_only,42,generated_rated,1,5,0,4,n/a (no person requested),n/a (no person requested),no,no,,vision pass 1 (agent),42,1024,1024,25.84,fcbdd56be4bdf2b3eaa9c1864dfb4cb846f7f957f28078b7687fe81a7940f2d3,True,True,prompts/waterink-style__still_life__C_ref_only.txt,1,ratings-still_life-s42.json#
waterink-style__still_life__C_ref_only__1234,waterink-style,still_life,C_ref_only,1234,generated_rated,2,5,0,4,see evidence,see evidence,no,no,light watercolour cast over an intact still life,vision pass 1 (agent),1234,1024,1024,25.89,dcc26e4e2f491ef59e6662015d0098fc88a5d865849599dd087e5a2fdda5f6a1,True,True,prompts/waterink-style__still_life__C_ref_only.txt,1,ratings-rest-seeds.json#
waterink-style__still_life__C_ref_only__20260927,waterink-style,still_life,C_ref_only,20260927,generated_rated,2,5,0,4,see evidence,see evidence,no,no,light watercolour cast over an intact still life,vision pass 1 (agent),20260927,1024,1024,25.93,95310f7a3bcc2a2df6c7596f18fa959afcb50e3e99a1d6ffb8518ed95f859c0d,True,True,prompts/waterink-style__still_life__C_ref_only.txt,1,ratings-rest-seeds.json#
waterink-style__still_life__D_ref_long__42,waterink-style,still_life,D_ref_long,42,generated_rated,4,3,3,4,n/a (no person requested),n/a (no person requested),a robed woman seated at the table violates the explicit no-person instruction,no,,vision pass 1 (agent),42,1024,1024,26.29,431a726391a014b4e388818f0478c186cee501991909c65e12662af3857b3632,True,True,prompts/waterink-style__still_life__D_ref_long.txt,1,ratings-still_life-s42.json#
waterink-style__still_life__D_ref_long__1234,waterink-style,still_life,D_ref_long,1234,generated_rated,4,2,4,4,see evidence,see evidence,see evidence,no,a robed woman seated at the table breaks the explicit no-person instruction,vision pass 1 (agent),1234,1024,1024,26.32,dac9a730fc13ff132d32d39c1687f30317c8b08b9006e07512c22d09d6c8e26f,True,True,prompts/waterink-style__still_life__D_ref_long.txt,1,ratings-rest-seeds.json#
waterink-style__still_life__D_ref_long__20260927,waterink-style,still_life,D_ref_long,20260927,generated_rated,4,3,3,4,see evidence,see evidence,see evidence,no,ink-wash landscape with the teapot on the sill and a faint figure,vision pass 1 (agent),20260927,1024,1024,26.35,7373cb168fcf22ad304700559a35860f6a884e0e9ffec2b0e61919d9eccb7d2d,True,True,prompts/waterink-style__still_life__D_ref_long.txt,1,ratings-rest-seeds.json#
waterink-style__still_life__E_ref_short__42,waterink-style,still_life,E_ref_short,42,generated_rated,4,5,1,4,n/a (no person requested),n/a (no person requested),no,no,,vision pass 1 (agent),42,1024,1024,25.97,01efa2f68f944c5176b5985aafda04507945356150391e45cbd9e8695c86f06e,True,True,prompts/waterink-style__still_life__E_ref_short.txt,1,ratings-still_life-s42.json#
waterink-style__still_life__E_ref_short__1234,waterink-style,still_life,E_ref_short,1234,generated_rated,3,5,0,4,see evidence,see evidence,no,no,clean ink-wash still life; no person in frame,vision pass 1 (agent),1234,1024,1024,25.94,18f294d942e5461dc8e77c8f4f8909796c829586b6ccdcc18f5415a8512a5b6f,True,True,prompts/waterink-style__still_life__E_ref_short.txt,1,ratings-rest-seeds.json#
waterink-style__still_life__E_ref_short__20260927,waterink-style,still_life,E_ref_short,20260927,generated_rated,3,5,0,4,see evidence,see evidence,no,no,clean ink-wash still life; no person in frame,vision pass 1 (agent),20260927,1024,1024,25.98,399288a8fc7a302bde65317d757f9f93d3b6e6ee3c8465cc4c7125289b56f28f,True,True,prompts/waterink-style__still_life__E_ref_short.txt,1,ratings-rest-seeds.json#
waterink-style__still_life__F_ref_priority__42,waterink-style,still_life,F_ref_priority,42,generated_rated,4,4,2,4,n/a (no person requested),n/a (no person requested),a pale seated figure appears behind the table,no,,vision pass 1 (agent),42,1024,1024,26.15,94276e12e04e480efdeb3c2a34f2867b7779e93b91e54f7aa7d7e09fd0d6dbee,True,True,prompts/waterink-style__still_life__F_ref_priority.txt,1,ratings-still_life-s42.json#
waterink-style__still_life__F_ref_priority__1234,waterink-style,still_life,F_ref_priority,1234,generated_rated,4,3,3,4,see evidence,see evidence,see evidence,no,a robed woman appears behind the table again,vision pass 1 (agent),1234,1024,1024,26.1,1bb3b693ef3f45c8cabd4596181c88563c4c13dd8f905bd8d65b50cabb19126a,True,True,prompts/waterink-style__still_life__F_ref_priority.txt,1,ratings-rest-seeds.json#
waterink-style__still_life__F_ref_priority__20260927,waterink-style,still_life,F_ref_priority,20260927,generated_rated,4,3,3,4,see evidence,see evidence,see evidence,no,a robed woman appears behind the table again,vision pass 1 (agent),20260927,1024,1024,26.11,fb5fc6421db426c840452d83cbc199fa71e782469af368e847ca6ef5228a8614,True,True,prompts/waterink-style__still_life__F_ref_priority.txt,1,ratings-rest-seeds.json#
waterink-style__dual__G_dual_content_only__42,waterink-style,dual,G_dual_content_only,42,generated_rated,0,4,0,4,no,no,no,no,Content image alone: the seated woman in the blue interior is reproduced with her dress and surroundings; minor detail drift in the background.,vision pass 1 (agent),42,1024,1024,25.35,85364a75a588a9de211293abf2a73effc6ede27e8251cdc0783778f108f8f4a7,True,True,prompts/waterink-style__dual__G_dual_content_only.txt,1,ratings-dual.json#
waterink-style__dual__G_dual_content_only__1234,waterink-style,dual,G_dual_content_only,1234,generated_rated,0,4,0,4,no,lace dress simplified,interior reads darker/bluer than the content image,no,"Content image alone at seed 1234: same woman and dress, but the seed turns the interior much darker and bluer than the seed-42 G render — a seed effect, not a reference effect (no reference image is sent in G).",vision pass 1 (agent),1234,1024,1024,25.35,a1ea41ff667762c5f50d0a42789db7b6041a193046040e77a218381af01c5c29,True,True,prompts/waterink-style__dual__G_dual_content_only.txt,1,ratings-dual.json#
waterink-style__dual__G_dual_content_only__20260927,waterink-style,dual,G_dual_content_only,20260927,generated_rated,0,4,0,4,no,no,no,no,"Content image alone at seed 20260927: the woman, her dress and the blue interior are reproduced; background detail drifts slightly.",vision pass 1 (agent),20260927,1024,1024,25.4,df8f50d56ddceecc10386982d53fb5cb5ff19fca60ddf8178286a187e80f16a1,True,True,prompts/waterink-style__dual__G_dual_content_only.txt,1,ratings-dual.json#
waterink-style__dual__H_dual_style_priority__42,waterink-style,dual,H_dual_style_priority,42,generated_rated,4,4,1,4,no,dress simplified into a wash silhouette,no,no,"The woman, her lace dress and the blue interior survive; the whole frame is repainted in silvery ink-wash with paper grain and a faint mountain motif, clearly closer to the waterink reference.",vision pass 1 (agent),42,1024,1024,29.62,e1180ea3712fc1602560eb428fd20765b7297bc4f10bb5495e6c8c38019b4bf6,True,True,prompts/waterink-style__dual__H_dual_style_priority.txt,1,ratings-dual.json#
waterink-style__dual__H_dual_style_priority__1234,waterink-style,dual,H_dual_style_priority,1234,generated_rated,4,4,1,4,no,dress rendered as wash shapes,no,no,"Ink-wash / charcoal rendering of the same woman and interior; head, hair and dress readable, palette desaturated to grey-blue.",vision pass 1 (agent),1234,1024,1024,29.71,d6ca42f43856b44f6277fd6a0d0c2fbebb4e3d655c4944a634cfdffb614a654b,True,True,prompts/waterink-style__dual__H_dual_style_priority.txt,1,ratings-dual.json#
waterink-style__dual__H_dual_style_priority__20260927,waterink-style,dual,H_dual_style_priority,20260927,generated_rated,5,3,2,4,hair becomes the reference-style long dark mane,lace dress becomes an ink-wash robe,blue interior replaced by the reference's mountain landscape,no,"The strongest technique shift of the dual set: a robed seated figure at a desk in a full ink-wash landscape, echoing the reference's seated robed painter; the content image's blue interior is gone, kept only as pose and dress silhouette.",vision pass 1 (agent),20260927,1024,1024,29.61,b5a86e541dd135459f901b0a17af81f5e98f4ebc0e573f5777f26022316f15bd,True,True,prompts/waterink-style__dual__H_dual_style_priority.txt,1,ratings-dual.json#
sakurapion-style__harbor__A_content_only__42,sakurapion-style,harbor,A_content_only,42,generated_rated,0,5,0,4,no,no,no,no,"A baseline: photoreal harbor woman, yellow coat, red bicycle, lighthouse.",vision pass 1 (agent),42,1024,1024,21.89,1bb8a0391ee82736f6a19574262280305181e04f6b7b87a1a52d90fdd7fd47ea,True,True,prompts/sakurapion-style__harbor__A_content_only.txt,1,ratings-harbor-s42.json#X05
sakurapion-style__harbor__A_content_only__1234,sakurapion-style,harbor,A_content_only,1234,generated_rated,0,5,0,4,see evidence,see evidence,no,no,"clean photo harbour, all stated colours",vision pass 1 (agent),1234,1024,1024,21.92,fed63086e159f7cad89b64ff5638a2639b6fce88d8e82d614e3f94c53167f7c5,True,True,prompts/sakurapion-style__harbor__A_content_only.txt,1,ratings-rest-seeds.json#
sakurapion-style__harbor__A_content_only__20260927,sakurapion-style,harbor,A_content_only,20260927,generated_rated,0,5,0,4,see evidence,see evidence,no,no,"clean photo harbour, all stated colours",vision pass 1 (agent),20260927,1024,1024,21.85,ddcc7eb3d48ac0301ffa63deee07b556c5d40647dcff1daca7757e6e22c7305c,True,True,prompts/sakurapion-style__harbor__A_content_only.txt,1,ratings-rest-seeds.json#
sakurapion-style__harbor__B_text_short__42,sakurapion-style,harbor,B_text_short,42,generated_rated,0,5,0,3,no,no,no,no,Text-only: correct harbor content but with a washed-out background and a flat over-bright cast; no tropical rendering.,vision pass 1 (agent),42,1024,1024,21.92,f3d268f4e672e1893f365b44e36695dd71a2026d9be41b88b096e6e8a595155f,True,True,prompts/sakurapion-style__harbor__B_text_short.txt,1,ratings-harbor-s42.json#X29
sakurapion-style__harbor__B_text_short__1234,sakurapion-style,harbor,B_text_short,1234,generated_rated,1,5,0,4,see evidence,see evidence,no,no,text-only spec produces a clean anime render of the harbour,vision pass 1 (agent),1234,1024,1024,22.04,f391b9ac655e8f277a1af2d7fe0fc4ac2452e58961f1fcb9f2f61a121a969996,True,True,prompts/sakurapion-style__harbor__B_text_short.txt,1,ratings-rest-seeds.json#
sakurapion-style__harbor__B_text_short__20260927,sakurapion-style,harbor,B_text_short,20260927,generated_rated,1,5,0,4,see evidence,see evidence,no,no,text-only spec produces a clean anime render of the harbour,vision pass 1 (agent),20260927,1024,1024,21.95,bfb5a22ae5c889e13c96cd0298af46ace5c501399c646a66ad981e44be55c511,True,True,prompts/sakurapion-style__harbor__B_text_short.txt,1,ratings-rest-seeds.json#
sakurapion-style__harbor__C_ref_only__42,sakurapion-style,harbor,C_ref_only,42,generated_rated,0,5,0,4,no,no,no,no,"Reference image alone with the borrow-technique sentence: identical harbor composition to the A baseline, no tropical palette, no flowers, no parfait.",vision pass 1 (agent),42,1024,1024,25.48,f399bd7c5069bb49cb619049e4981e26a220df5f9d5c7740afefed958b49ef07,True,True,prompts/sakurapion-style__harbor__C_ref_only.txt,1,ratings-harbor-s42.json#X10
sakurapion-style__harbor__C_ref_only__1234,sakurapion-style,harbor,C_ref_only,1234,generated_rated,1,5,0,4,see evidence,see evidence,no,no,photographic harbour with a very slight painterly cast,vision pass 1 (agent),1234,1024,1024,25.42,c21b71138d917b357b4495de7db1e068ddb17609623d6c2ba8661737a9b88816,True,True,prompts/sakurapion-style__harbor__C_ref_only.txt,1,ratings-rest-seeds.json#
sakurapion-style__harbor__C_ref_only__20260927,sakurapion-style,harbor,C_ref_only,20260927,generated_rated,1,5,0,4,see evidence,see evidence,no,no,photographic harbour with a very slight painterly cast,vision pass 1 (agent),20260927,1024,1024,25.55,defbe18b2075f2cad3245c4fdc026d213c998689be424e3c38cd08fa2e419bb1,True,True,prompts/sakurapion-style__harbor__C_ref_only.txt,1,ratings-rest-seeds.json#
sakurapion-style__harbor__D_ref_long__42,sakurapion-style,harbor,D_ref_long,42,generated_rated,3,0,5,4,blue long hair instead of chestnut bob,frilled bikini-style costume instead of yellow raincoat,beach/parfait scene instead of the harbor,no,"Near-verbatim reproduction of the reference subject: tropical flowers, the fruit parfait on a tray, the penguin mascot, the frilled outfit and the long blue-haired figure. The requested port, bicycle, lighthouse, yellow raincoat and chestnut bob are entirely absent. This is reference copying, not a style transfer.",vision pass 1 (agent),42,1024,1024,26.41,4c2bc714fc269a2f9c393cebab2a8160f139ce3752dcdba78ce69e2cbefb6bfa,True,True,prompts/sakurapion-style__harbor__D_ref_long.txt,1,ratings-harbor-s42.json#X19
sakurapion-style__harbor__D_ref_long__1234,sakurapion-style,harbor,D_ref_long,1234,generated_rated,3,1,5,4,see evidence,see evidence,see evidence,no,the reference's tropical parfait and blue-haired figure absorb the harbour scene,vision pass 1 (agent),1234,1024,1024,26.39,f1159487bea75d841bcabd28d9e317214f32d7463ab3c0933db7ce263c95bf90,True,True,prompts/sakurapion-style__harbor__D_ref_long.txt,1,ratings-rest-seeds.json#
sakurapion-style__harbor__D_ref_long__20260927,sakurapion-style,harbor,D_ref_long,20260927,generated_rated,3,1,5,4,see evidence,see evidence,see evidence,no,the reference's tropical parfait and blue-haired figure absorb the harbour scene,vision pass 1 (agent),20260927,1024,1024,26.45,c667ee5c4b738d56c3ab407afbf5b4d715791f7f0bb99a99c4307cec1c2afad1,True,True,prompts/sakurapion-style__harbor__D_ref_long.txt,1,ratings-rest-seeds.json#
sakurapion-style__harbor__E_ref_short__42,sakurapion-style,harbor,E_ref_short,42,generated_rated,0,5,0,5,no,no,no,no,Clean A-baseline-like photograph: woman over the bicycle at the quay with the lighthouse. No tropical palette at all.,vision pass 1 (agent),42,1024,1024,25.63,40c330ca7245f6cbb8c5148d7c57d11f3d8cfdc88d8ee46a8b5b9e99d3f3d74b,True,True,prompts/sakurapion-style__harbor__E_ref_short.txt,1,ratings-harbor-s42.json#X27
sakurapion-style__harbor__E_ref_short__1234,sakurapion-style,harbor,E_ref_short,1234,generated_rated,1,4,1,4,see evidence,see evidence,no,no,man/woman kept on the quay; only a faint warm cast from the reference,vision pass 1 (agent),1234,1024,1024,25.6,8257e670fe5c4ee269c439806ac0d7ecdeca118e43091b0f8dcea04a0a888b13,True,True,prompts/sakurapion-style__harbor__E_ref_short.txt,1,ratings-rest-seeds.json#
sakurapion-style__harbor__E_ref_short__20260927,sakurapion-style,harbor,E_ref_short,20260927,generated_rated,1,4,1,4,see evidence,see evidence,no,no,man/woman kept on the quay; only a faint warm cast from the reference,vision pass 1 (agent),20260927,1024,1024,25.58,4cfaa0d19d713884a4aafb427cd5dc37a4ce9b5691af98cc8de9f6cb11e3ca0c,True,True,prompts/sakurapion-style__harbor__E_ref_short.txt,1,ratings-rest-seeds.json#
sakurapion-style__harbor__F_ref_priority__42,sakurapion-style,harbor,F_ref_priority,42,generated_rated,1,5,0,4,no,no,no,no,"Despite carrying the reference, the result is very close to the content baseline: the girl-over-bicycle composition is preserved and no tropical palette appears. Style gain over A is marginal; the reference-priority sentence did not import the tropical look here.",vision pass 1 (agent),42,1024,1024,25.94,5d909cbf1bf934264ffd35508b54114815108bce9247664c9f3012c743deca79,True,True,prompts/sakurapion-style__harbor__F_ref_priority.txt,1,ratings-harbor-s42.json#X21
sakurapion-style__harbor__F_ref_priority__1234,sakurapion-style,harbor,F_ref_priority,1234,generated_rated,2,4,1,4,see evidence,see evidence,no,no,person and bicycle kept; reference warmth leaks into the sky,vision pass 1 (agent),1234,1024,1024,25.99,b9615488af847e7220df398a72e2d7daefc377e914d40f833f251aa641ddec82,True,True,prompts/sakurapion-style__harbor__F_ref_priority.txt,1,ratings-rest-seeds.json#
sakurapion-style__harbor__F_ref_priority__20260927,sakurapion-style,harbor,F_ref_priority,20260927,generated_rated,2,4,1,4,see evidence,see evidence,no,no,person and bicycle kept; reference warmth leaks into the sky,vision pass 1 (agent),20260927,1024,1024,26.0,c0c9726cb88033c8f36d5a4434eef7aa43ebda1307052179ed95ec510dc92c40,True,True,prompts/sakurapion-style__harbor__F_ref_priority.txt,1,ratings-rest-seeds.json#
sakurapion-style__cafe__A_content_only__42,sakurapion-style,cafe,A_content_only,42,generated_rated,0,5,0,4,no,no,no,no,,vision pass 1 (agent),42,1024,1024,21.92,634f6f363f98744c5de1bc4c78956613b8dd03b99f6f34219e75a12702d7f040,True,True,prompts/sakurapion-style__cafe__A_content_only.txt,1,ratings-harbor-cafe-s42.json#
sakurapion-style__cafe__A_content_only__1234,sakurapion-style,cafe,A_content_only,1234,generated_rated,0,5,0,4,see evidence,see evidence,no,no,clean photo cafe with man and orange cat,vision pass 1 (agent),1234,1024,1024,21.87,502bc22791c32cbada2243f8943242b69cd72473f876e3d4c2ca13c693ad9958,True,True,prompts/sakurapion-style__cafe__A_content_only.txt,1,ratings-rest-seeds.json#
sakurapion-style__cafe__A_content_only__20260927,sakurapion-style,cafe,A_content_only,20260927,generated_rated,0,5,0,4,see evidence,see evidence,no,no,clean photo cafe with man and orange cat,vision pass 1 (agent),20260927,1024,1024,21.99,ee6b143af6dba9a776e31faa9eb27220dd1d5bbce4daabede911602f988eaab3,True,True,prompts/sakurapion-style__cafe__A_content_only.txt,1,ratings-rest-seeds.json#
sakurapion-style__cafe__B_text_short__42,sakurapion-style,cafe,B_text_short,42,generated_rated,3,5,0,4,no,no,no,no,,vision pass 1 (agent),42,1024,1024,21.95,b37a104b2eb54ec535dda2bfdfbd052908ff44195eb38c95aba82c8827eb34c3,True,True,prompts/sakurapion-style__cafe__B_text_short.txt,1,ratings-harbor-cafe-s42.json#
sakurapion-style__cafe__B_text_short__1234,sakurapion-style,cafe,B_text_short,1234,generated_rated,3,5,0,4,see evidence,see evidence,no,no,complete cel-shaded anime render; requested content intact,vision pass 1 (agent),1234,1024,1024,21.97,d8531351dd5051e92bb204aae944826d48e4922c58668fd04753ab256aa045a7,True,True,prompts/sakurapion-style__cafe__B_text_short.txt,1,ratings-rest-seeds.json#
sakurapion-style__cafe__B_text_short__20260927,sakurapion-style,cafe,B_text_short,20260927,generated_rated,3,5,0,4,see evidence,see evidence,no,no,complete cel-shaded anime render; requested content intact,vision pass 1 (agent),20260927,1024,1024,22.0,6da50fa6bd74d3e4f2de6e8ad7d99b8ecdef50f7630e3f2cfdafae7fdfb8a358,True,True,prompts/sakurapion-style__cafe__B_text_short.txt,1,ratings-rest-seeds.json#
sakurapion-style__cafe__C_ref_only__42,sakurapion-style,cafe,C_ref_only,42,generated_rated,1,5,0,4,no,no,no,no,,vision pass 1 (agent),42,1024,1024,25.47,57c70b57d936b4c7aeb033b7ac0b2966d8f43c5675f7fc6973ae787d730ea708,True,True,prompts/sakurapion-style__cafe__C_ref_only.txt,1,ratings-harbor-cafe-s42.json#
sakurapion-style__cafe__C_ref_only__1234,sakurapion-style,cafe,C_ref_only,1234,generated_rated,3,5,0,4,see evidence,see evidence,no,no,anime render of the cafe; no tropical props,vision pass 1 (agent),1234,1024,1024,25.56,487e6ae6cace0add71b19fa3fc0058ead321a4b140c69a55b84a743b5a1e1ffa,True,True,prompts/sakurapion-style__cafe__C_ref_only.txt,1,ratings-rest-seeds.json#
sakurapion-style__cafe__C_ref_only__20260927,sakurapion-style,cafe,C_ref_only,20260927,generated_rated,3,5,0,4,see evidence,see evidence,no,no,anime render of the cafe; no tropical props,vision pass 1 (agent),20260927,1024,1024,25.48,6cf78d71c7a4094d0b44633cdabc408d3391e70519496c06311b4d4b352f57f0,True,True,prompts/sakurapion-style__cafe__C_ref_only.txt,1,ratings-rest-seeds.json#
sakurapion-style__cafe__D_ref_long__42,sakurapion-style,cafe,D_ref_long,42,generated_rated,4,2,4,3,no,no,tropical flowers and the fruit parfait replace the cafe set dressing,no,,vision pass 1 (agent),42,1024,1024,26.43,3a4c1ece5b9300d6e5f14e4b5d09aa2bad8da8b264d07bf482b5d68f860a7093,True,True,prompts/sakurapion-style__cafe__D_ref_long.txt,1,ratings-harbor-cafe-s42.json#
sakurapion-style__cafe__D_ref_long__1234,sakurapion-style,cafe,D_ref_long,1234,generated_rated,4,1,5,4,see evidence,see evidence,see evidence,no,the reference girl and her parfait replace the requested man as the subject,vision pass 1 (agent),1234,1024,1024,26.41,891f445f1dc940d001bc78bfa8f9702a98cac0acd769ae54e6fa84683364487e,True,True,prompts/sakurapion-style__cafe__D_ref_long.txt,1,ratings-rest-seeds.json#
sakurapion-style__cafe__D_ref_long__20260927,sakurapion-style,cafe,D_ref_long,20260927,generated_rated,4,1,5,4,see evidence,see evidence,see evidence,no,the reference girl and her parfait replace the requested man as the subject,vision pass 1 (agent),20260927,1024,1024,26.46,e0ccdd3e424926bb32335168a8604de6e662b34a9d3868e0a03d31f4987b5c58,True,True,prompts/sakurapion-style__cafe__D_ref_long.txt,1,ratings-rest-seeds.json#
sakurapion-style__cafe__E_ref_short__42,sakurapion-style,cafe,E_ref_short,42,generated_rated,3,5,2,4,no,no,tropical drink and bougainvillea added to the cafe facade,no,,vision pass 1 (agent),42,1024,1024,25.65,7ec216c76fe647d27f85f72ca29ff2e866b274e2c1088c2f023535a46fbcbb3b,True,True,prompts/sakurapion-style__cafe__E_ref_short.txt,1,ratings-harbor-cafe-s42.json#
sakurapion-style__cafe__E_ref_short__1234,sakurapion-style,cafe,E_ref_short,1234,generated_rated,3,4,3,4,see evidence,see evidence,see evidence,no,"man kept, but the reference's fruit parfait and tropical flowers enter the cafe",vision pass 1 (agent),1234,1024,1024,25.71,e70e0d3a4974e7edd50bb925ddd03b030e49f43d2395873bb0d202f66c85fb0d,True,True,prompts/sakurapion-style__cafe__E_ref_short.txt,1,ratings-rest-seeds.json#
sakurapion-style__cafe__E_ref_short__20260927,sakurapion-style,cafe,E_ref_short,20260927,generated_rated,3,4,3,4,see evidence,see evidence,see evidence,no,"man kept, but the reference's fruit parfait and tropical flowers enter the cafe",vision pass 1 (agent),20260927,1024,1024,25.64,6863fa3397cbc8e24c848654d756aa66d6c4175f419592a541d8794bb9d27be2,True,True,prompts/sakurapion-style__cafe__E_ref_short.txt,1,ratings-rest-seeds.json#
sakurapion-style__cafe__F_ref_priority__42,sakurapion-style,cafe,F_ref_priority,42,generated_rated,1,5,1,4,no,no,no,no,,vision pass 1 (agent),42,1024,1024,25.91,2d0b9894138175fccd5faa98cb6d0726ba7c818492a8f165a990847f7c44443d,True,True,prompts/sakurapion-style__cafe__F_ref_priority.txt,1,ratings-harbor-cafe-s42.json#
sakurapion-style__cafe__F_ref_priority__1234,sakurapion-style,cafe,F_ref_priority,1234,generated_rated,3,4,2,4,see evidence,see evidence,no,no,man kept; a small parfait and tropical foliage remain in frame,vision pass 1 (agent),1234,1024,1024,25.95,01c7463ce3f8fb63439a650af6e13474ad32e99df429aafa3028c906614e71dc,True,True,prompts/sakurapion-style__cafe__F_ref_priority.txt,1,ratings-rest-seeds.json#
sakurapion-style__cafe__F_ref_priority__20260927,sakurapion-style,cafe,F_ref_priority,20260927,generated_rated,3,4,2,4,see evidence,see evidence,no,no,man kept; a small parfait and tropical foliage remain in frame,vision pass 1 (agent),20260927,1024,1024,25.99,5c4c0b87dc3c7f672b31dd6f729627d145607003dcd57d7c74240cf366893144,True,True,prompts/sakurapion-style__cafe__F_ref_priority.txt,1,ratings-rest-seeds.json#
sakurapion-style__still_life__A_content_only__42,sakurapion-style,still_life,A_content_only,42,generated_rated,0,5,0,4,n/a (no person requested),n/a (no person requested),no,no,,vision pass 1 (agent),42,1024,1024,21.9,5a33fc60fb454bd4b8f70fb377038699c1434bfdf7618916bb145bc317d7450a,True,True,prompts/sakurapion-style__still_life__A_content_only.txt,1,ratings-still_life-s42.json#
sakurapion-style__still_life__A_content_only__1234,sakurapion-style,still_life,A_content_only,1234,generated_rated,0,5,0,4,see evidence,see evidence,no,no,"photo still life, all three object types present",vision pass 1 (agent),1234,1024,1024,21.84,9498a2b1f105db2a3c69d49da2d54e21a77501f80090dd4d7501b1e540d1fc17,True,True,prompts/sakurapion-style__still_life__A_content_only.txt,1,ratings-rest-seeds.json#
sakurapion-style__still_life__A_content_only__20260927,sakurapion-style,still_life,A_content_only,20260927,generated_rated,0,5,0,4,see evidence,see evidence,no,no,"photo still life, all three object types present",vision pass 1 (agent),20260927,1024,1024,21.86,e282ad0459ac5bbea0174d6ea6d24aab9ac8a46bdbd684ee6c29b5719072ef3f,True,True,prompts/sakurapion-style__still_life__A_content_only.txt,1,ratings-rest-seeds.json#
sakurapion-style__still_life__B_text_short__42,sakurapion-style,still_life,B_text_short,42,generated_rated,1,5,0,4,n/a (no person requested),n/a (no person requested),no,no,,vision pass 1 (agent),42,1024,1024,21.95,1f5c3c80f87a36490353a3cfbceb03b6468634cfebc9bfc94fbcd0f0c5215c55,True,True,prompts/sakurapion-style__still_life__B_text_short.txt,1,ratings-still_life-s42.json#
sakurapion-style__still_life__B_text_short__1234,sakurapion-style,still_life,B_text_short,1234,generated_rated,2,5,0,4,see evidence,see evidence,no,no,painted teapot and lemons; no person,vision pass 1 (agent),1234,1024,1024,21.99,25f345b0c4ca1f4196a930908971fc4053a8b4d6532044b20417d667cffc2998,True,True,prompts/sakurapion-style__still_life__B_text_short.txt,1,ratings-rest-seeds.json#
sakurapion-style__still_life__B_text_short__20260927,sakurapion-style,still_life,B_text_short,20260927,generated_rated,2,5,0,4,see evidence,see evidence,no,no,painted teapot and lemons; no person,vision pass 1 (agent),20260927,1024,1024,21.98,7544bb49559e9f0709938aa74d93edc6ed2685b099f9d204658ecb5fd22d875a,True,True,prompts/sakurapion-style__still_life__B_text_short.txt,1,ratings-rest-seeds.json#
sakurapion-style__still_life__C_ref_only__42,sakurapion-style,still_life,C_ref_only,42,generated_rated,1,5,0,4,n/a (no person requested),n/a (no person requested),no,no,,vision pass 1 (agent),42,1024,1024,25.41,6b864282cd3237cdb84dcc1481e8bf4cab9f9326c55f8ee48cd22bd0f36c492d,True,True,prompts/sakurapion-style__still_life__C_ref_only.txt,1,ratings-still_life-s42.json#
sakurapion-style__still_life__C_ref_only__1234,sakurapion-style,still_life,C_ref_only,1234,generated_rated,2,5,0,4,see evidence,see evidence,no,no,slight painterly cast; two lemons and the blue cup present,vision pass 1 (agent),1234,1024,1024,25.56,aad23f09b730a217e521f69e700fb65709721a4f8b81bf3194ebe4c7237dda25,True,True,prompts/sakurapion-style__still_life__C_ref_only.txt,1,ratings-rest-seeds.json#
sakurapion-style__still_life__C_ref_only__20260927,sakurapion-style,still_life,C_ref_only,20260927,generated_rated,2,4,0,4,see evidence,see evidence,no,no,painterly cast; the blue cup reads dark and the second lemon is partly occluded,vision pass 1 (agent),20260927,1024,1024,25.51,b47fe732a691c3facb78738e18c9432161ec15c34c6f312ccbb2248cf0617a98,True,True,prompts/sakurapion-style__still_life__C_ref_only.txt,1,ratings-rest-seeds.json#
sakurapion-style__still_life__D_ref_long__42,sakurapion-style,still_life,D_ref_long,42,generated_rated,3,0,5,4,n/a (no person requested),n/a (no person requested),the reference's blue-haired girl and tropical parfait scene replace the still life entirely,no,,vision pass 1 (agent),42,1024,1024,26.43,3cf379ff4e61adfba2840fbff16135c2cbc2c8f20ef4f09c557c9f6c077d82c8,True,True,prompts/sakurapion-style__still_life__D_ref_long.txt,1,ratings-still_life-s42.json#
sakurapion-style__still_life__D_ref_long__1234,sakurapion-style,still_life,D_ref_long,1234,generated_rated,3,0,5,4,see evidence,see evidence,see evidence,no,the reference's girl and tropical parfait replace the still life,vision pass 1 (agent),1234,1024,1024,26.46,c3b30b819df3aac0a24e18344ca24eb347f0dc15c742fb84016e8c21b000f198,True,True,prompts/sakurapion-style__still_life__D_ref_long.txt,1,ratings-rest-seeds.json#
sakurapion-style__still_life__D_ref_long__20260927,sakurapion-style,still_life,D_ref_long,20260927,generated_rated,3,0,5,4,see evidence,see evidence,see evidence,no,the reference's girl and tropical parfait replace the still life,vision pass 1 (agent),20260927,1024,1024,26.48,3cf89b84eaa3ddb4cad8bcb384e9b379faaee8a51a2db8bf5b20c945b62ea2c7,True,True,prompts/sakurapion-style__still_life__D_ref_long.txt,1,ratings-rest-seeds.json#
sakurapion-style__still_life__E_ref_short__42,sakurapion-style,still_life,E_ref_short,42,generated_rated,3,1,5,4,n/a (no person requested),n/a (no person requested),the requested teapot is drawn as a prop held by the reference's girl,no,,vision pass 1 (agent),42,1024,1024,25.73,3cedabc7e556f989bf26c4b80a022129a191e4dc311c26b4b6f8c29dcf0be135,True,True,prompts/sakurapion-style__still_life__E_ref_short.txt,1,ratings-still_life-s42.json#
sakurapion-style__still_life__E_ref_short__1234,sakurapion-style,still_life,E_ref_short,1234,generated_rated,3,1,5,4,see evidence,see evidence,see evidence,no,girl occupies the frame; teapot and lemons survive as her table props,vision pass 1 (agent),1234,1024,1024,25.64,0ac7c839b636add8d31214f6b555c2658ce63c3ef58a3054382e6fbe4ffb9b72,True,True,prompts/sakurapion-style__still_life__E_ref_short.txt,1,ratings-rest-seeds.json#
sakurapion-style__still_life__E_ref_short__20260927,sakurapion-style,still_life,E_ref_short,20260927,generated_rated,3,1,5,4,see evidence,see evidence,see evidence,no,girl occupies the frame; teapot and lemons survive as her table props,vision pass 1 (agent),20260927,1024,1024,25.59,189f4f17a351e169cdf5b2ce3f4de9fb0abf5374e16410a63d8ced8e6e6deb88,True,True,prompts/sakurapion-style__still_life__E_ref_short.txt,1,ratings-rest-seeds.json#
sakurapion-style__still_life__F_ref_priority__42,sakurapion-style,still_life,F_ref_priority,42,generated_rated,3,1,5,4,n/a (no person requested),n/a (no person requested),"the girl, penguin mascots and tropical flowers dominate; the still life is her table",no,,vision pass 1 (agent),42,1024,1024,25.87,d46ed07c0280ab789ee7e39a0f9c7922de2bd40cf6a7e92d5c363766104c68b7,True,True,prompts/sakurapion-style__still_life__F_ref_priority.txt,1,ratings-still_life-s42.json#
sakurapion-style__still_life__F_ref_priority__1234,sakurapion-style,still_life,F_ref_priority,1234,generated_rated,3,1,5,4,see evidence,see evidence,see evidence,no,portrait of the reference girl with the teapot as a prop,vision pass 1 (agent),1234,1024,1024,25.87,e53e99a7c3e4e6a1181523fcc820774aa60040b6068531e685ff447fda6979c9,True,True,prompts/sakurapion-style__still_life__F_ref_priority.txt,1,ratings-rest-seeds.json#
sakurapion-style__still_life__F_ref_priority__20260927,sakurapion-style,still_life,F_ref_priority,20260927,generated_rated,3,1,5,4,see evidence,see evidence,see evidence,no,portrait of the reference girl with the teapot as a prop,vision pass 1 (agent),20260927,1024,1024,25.92,23e20230c6a188f022a75791b742dc5b665d8717a2249a1b5f0d80f68af34436,True,True,prompts/sakurapion-style__still_life__F_ref_priority.txt,1,ratings-rest-seeds.json#
sakurapion-style__dual__G_dual_content_only__42,sakurapion-style,dual,G_dual_content_only,42,generated_rated,0,5,0,4,no,no,no,no,"Content image alone: the woman, her dress and the blue interior are reproduced closely.",vision pass 1 (agent),42,1024,1024,25.4,06d7dc60aeada87b1575d789f08531eb74a2c10d1ff759cbe0ddb514cc670c10,True,True,prompts/sakurapion-style__dual__G_dual_content_only.txt,1,ratings-dual.json#
sakurapion-style__dual__G_dual_content_only__1234,sakurapion-style,dual,G_dual_content_only,1234,generated_rated,0,4,0,4,no,no,no,no,"Content image alone (no style reference): same subject, dress and interior as the seed-42 G render.",vision pass 1 (agent),1234,1024,1024,25.45,938d460d945e79b8b414725dc6b4a960efd15df148311ab7e1835979ae9bd3e0,True,True,prompts/sakurapion-style__dual__G_dual_content_only.txt,1,ratings-dual.json#
sakurapion-style__dual__G_dual_content_only__20260927,sakurapion-style,dual,G_dual_content_only,20260927,generated_rated,0,4,0,4,no,no,no,no,Content image alone: subject and setting preserved with minor background simplification.,vision pass 1 (agent),20260927,1024,1024,25.37,daafae7756efe29462113c06fa1883b6804efba78bd803f404301fa2bf330727,True,True,prompts/sakurapion-style__dual__G_dual_content_only.txt,1,ratings-dual.json#
sakurapion-style__dual__H_dual_style_priority__42,sakurapion-style,dual,H_dual_style_priority,42,generated_rated,2,5,0,4,no,the dress neckline is drawn lower than in the content image,no,no,"Content preserved; the only visible style movement is a brighter, softer pastel-anime finish, no tropical props and no reference character.",vision pass 1 (agent),42,1024,1024,29.24,83c59fa9df115712867cf9b3ee04d0759aa6cc3dd5a9e0a697489e24b0beaa65,True,True,prompts/sakurapion-style__dual__H_dual_style_priority.txt,1,ratings-dual.json#
sakurapion-style__dual__H_dual_style_priority__1234,sakurapion-style,dual,H_dual_style_priority,1234,generated_rated,2,5,0,4,no,lower neckline than the content image,no,no,"Same content, pastel anime rendering; no tropical motifs, no blue-haired reference girl.",vision pass 1 (agent),1234,1024,1024,29.32,a15954cf1bcaea8ae935a2385764c6aacbb600606043d986e470d470cd2d7b90,True,True,prompts/sakurapion-style__dual__H_dual_style_priority.txt,1,ratings-dual.json#
sakurapion-style__dual__H_dual_style_priority__20260927,sakurapion-style,dual,H_dual_style_priority,20260927,generated_rated,2,5,0,4,no,lower neckline than the content image,no,no,Content and setting intact with a light cel-shaded finish; nothing of the reference scene is borrowed.,vision pass 1 (agent),20260927,1024,1024,29.24,3b9bc5bef109717be85501f9b48b6b1cc397304b4a4998460d74676cda87b93c,True,True,prompts/sakurapion-style__dual__H_dual_style_priority.txt,1,ratings-dual.json#
fuzichoco-v2__harbor__A_content_only__42,fuzichoco-v2,harbor,A_content_only,42,generated_rated,0,4,0,3,no,no,no,no,A baseline with a slightly awkward front-leg/hip join and the bicycle partly out of frame; content otherwise correct.,vision pass 1 (agent),42,1024,1024,21.93,657f75a03398b5cb3e1c38a7d382811cf7ee329a590d3ef3b02f4f73abe9d79c,True,True,prompts/fuzichoco-v2__harbor__A_content_only.txt,1,ratings-harbor-s42.json#X22
fuzichoco-v2__harbor__A_content_only__1234,fuzichoco-v2,harbor,A_content_only,1234,generated_rated,0,5,0,4,see evidence,see evidence,no,no,"clean photo harbour, yellow coat, red bicycle",vision pass 1 (agent),1234,1024,1024,21.86,271132393755afcb6e6a1560dc8946205c70bf719c3e6096abd647c2251fec34,True,True,prompts/fuzichoco-v2__harbor__A_content_only.txt,1,ratings-rest-seeds.json#
fuzichoco-v2__harbor__A_content_only__20260927,fuzichoco-v2,harbor,A_content_only,20260927,generated_rated,0,5,0,4,see evidence,see evidence,no,no,"clean photo harbour, yellow coat, red bicycle",vision pass 1 (agent),20260927,1024,1024,21.8,a9ac5be29ab09930ba8f6bacabee7aa46f5fd5f307222d55e25a22ab8f0e5842,True,True,prompts/fuzichoco-v2__harbor__A_content_only.txt,1,ratings-rest-seeds.json#
fuzichoco-v2__harbor__B_text_short__42,fuzichoco-v2,harbor,B_text_short,42,generated_rated,2,4,0,4,no,no,no,no,"No reference image, yet a blue-violet swirl and orbs appear behind the harbor figure; the short fuzichoco spec is evidently doing work even text-only. Harbor, coat and bike preserved; no picture-frame, no doves.",vision pass 1 (agent),42,1024,1024,21.92,3c1e99b5245b2e2ae4142a322fa657c3b43030c6246e98f08b3df6613cb81ee5,True,True,prompts/fuzichoco-v2__harbor__B_text_short.txt,1,ratings-harbor-s42.json#X07
fuzichoco-v2__harbor__B_text_short__1234,fuzichoco-v2,harbor,B_text_short,1234,generated_rated,2,4,0,4,see evidence,see evidence,no,no,blue-violet swirl and orbs appear from the text-only spec,vision pass 1 (agent),1234,1024,1024,21.96,4295d142b3d3814a3dbf9b399476aced42f795c95a32e60f10eb0a30e9993652,True,True,prompts/fuzichoco-v2__harbor__B_text_short.txt,1,ratings-rest-seeds.json#
fuzichoco-v2__harbor__B_text_short__20260927,fuzichoco-v2,harbor,B_text_short,20260927,generated_rated,2,4,0,4,see evidence,see evidence,no,no,blue-violet swirl and orbs appear from the text-only spec,vision pass 1 (agent),20260927,1024,1024,21.97,2bda8079caf8047f97dbeffcda7c98a7eafbe1070a8faa585c111e9c0bfc3026,True,True,prompts/fuzichoco-v2__harbor__B_text_short.txt,1,ratings-rest-seeds.json#
fuzichoco-v2__harbor__C_ref_only__42,fuzichoco-v2,harbor,C_ref_only,42,generated_rated,0,5,0,4,no,no,no,no,"Reference image + borrow-technique sentence only: photographic harbor, no blue-violet frame, no doves, no starfield.",vision pass 1 (agent),42,1024,1024,25.49,9a0599e9c8c1b15faed91b7f2130c702358c225e5a7e149205652fbab5234f0e,True,True,prompts/fuzichoco-v2__harbor__C_ref_only.txt,1,ratings-harbor-s42.json#X16
fuzichoco-v2__harbor__C_ref_only__1234,fuzichoco-v2,harbor,C_ref_only,1234,generated_rated,2,4,0,4,see evidence,see evidence,no,no,pale painterly wash and a wave motif; harbour and bicycle intact,vision pass 1 (agent),1234,1024,1024,25.46,7cb4ac4be25756184fde82702c5a1b35756eb33bd5c5933ad8cababc21dbb0e7,True,True,prompts/fuzichoco-v2__harbor__C_ref_only.txt,1,ratings-rest-seeds.json#
fuzichoco-v2__harbor__C_ref_only__20260927,fuzichoco-v2,harbor,C_ref_only,20260927,generated_rated,2,4,0,4,see evidence,see evidence,no,no,pale painterly wash and a wave motif; harbour and bicycle intact,vision pass 1 (agent),20260927,1024,1024,25.47,93c37b06cabdafb14c067b6c7eafe5be8d44d42f11750ab95aa32bbb0eadcd6a,True,True,prompts/fuzichoco-v2__harbor__C_ref_only.txt,1,ratings-rest-seeds.json#
fuzichoco-v2__harbor__D_ref_long__42,fuzichoco-v2,harbor,D_ref_long,42,generated_rated,4,2,3,4,no,gown-like coat with scarf-ish drape,harbor/lighthouse replaced by a pagoda and blossom field,no,"Magenta/pink blossom explosion with a pagoda at the right and a girl in the yellow coat on the bicycle. Long style text + reference reproduced the reference's saturated fantasy rendering but also its lush floral set dressing, and replaced the harbour with a temple-blossom scene.",vision pass 1 (agent),42,1024,1024,26.14,4c91a4efe66a448b03de7ae770bd4bf59eb873caf9846868bcbe0b760fb5852b,True,True,prompts/fuzichoco-v2__harbor__D_ref_long.txt,1,ratings-harbor-s42.json#X28
fuzichoco-v2__harbor__D_ref_long__1234,fuzichoco-v2,harbor,D_ref_long,1234,generated_rated,4,4,1,4,see evidence,see evidence,no,no,"prismatic multi-coloured aura adopted; the woman, coat and bicycle survive",vision pass 1 (agent),1234,1024,1024,26.24,d641234b27f33ed31485c596456f06cfe89b3182d965e286f5117b7ffcfdfee1,True,True,prompts/fuzichoco-v2__harbor__D_ref_long.txt,1,ratings-rest-seeds.json#
fuzichoco-v2__harbor__D_ref_long__20260927,fuzichoco-v2,harbor,D_ref_long,20260927,generated_rated,4,4,1,4,see evidence,see evidence,no,no,"prismatic multi-coloured aura adopted; the woman, coat and bicycle survive",vision pass 1 (agent),20260927,1024,1024,26.21,f2a1eb8c7c6cc8e8cc81d8198bedfc2d95835ac59908425d76f2110dfcf1b03c,True,True,prompts/fuzichoco-v2__harbor__D_ref_long.txt,1,ratings-rest-seeds.json#
fuzichoco-v2__harbor__E_ref_short__42,fuzichoco-v2,harbor,E_ref_short,42,generated_rated,2,4,3,4,no,no,reference frame + doves inserted into the scene,no,"Copy of the reference's framing device: the ornate gold picture frame and the white doves flying out of it are reproduced almost literally, with the harbor and the yellow-coated woman placed inside the frame. Subject preserved, but the reference's decorative composition is being copied - the prompt explicitly forbids that.",vision pass 1 (agent),42,1024,1024,25.59,09f24281beede7f33848ed676dc15a4ef48035e8f0d5bf030b710a0644a77f61,True,True,prompts/fuzichoco-v2__harbor__E_ref_short.txt,1,ratings-harbor-s42.json#X11
fuzichoco-v2__harbor__E_ref_short__1234,fuzichoco-v2,harbor,E_ref_short,1234,generated_rated,3,4,2,4,see evidence,see evidence,no,no,the reference's picture frame is rebuilt around the harbour view,vision pass 1 (agent),1234,1024,1024,25.76,045668e38ab762e97bebcdc3b70c8c02a779acd810b25be514d76f6b020c3e40,True,True,prompts/fuzichoco-v2__harbor__E_ref_short.txt,1,ratings-rest-seeds.json#
fuzichoco-v2__harbor__E_ref_short__20260927,fuzichoco-v2,harbor,E_ref_short,20260927,generated_rated,2,5,0,4,see evidence,see evidence,no,no,the frame motif is not reproduced in this seed; clean harbour with light painterly cast,vision pass 1 (agent),20260927,1024,1024,25.66,2548af1756015e0f74406f9f5284c1cdae89fa970e3d2de99bfc3fad53b5879b,True,True,prompts/fuzichoco-v2__harbor__E_ref_short.txt,1,ratings-rest-seeds.json#
fuzichoco-v2__harbor__F_ref_priority__42,fuzichoco-v2,harbor,F_ref_priority,42,generated_rated,4,2,4,4,hair longer and softer than the requested bob,raincoat turned into an ornate coat with scarf,harbor/lighthouse/bicycle replaced by a pagoda-and-blossom fantasy scene,no,"Reference-priority text version: magenta/pink floral chaos of the reference plus an Oriental pagoda; the requested harbor and bicycle are gone. Gown restyled, hair long. Lush saturated fantasy rendering achieved, but the scene comes from the reference family, not the prompt.",vision pass 1 (agent),42,1024,1024,25.68,425c9da11f0b112313e0af5b8c610e7275d1a474ba7f6aabb06d65eff06e18e7,True,True,prompts/fuzichoco-v2__harbor__F_ref_priority.txt,1,ratings-harbor-s42.json#X12
fuzichoco-v2__harbor__F_ref_priority__1234,fuzichoco-v2,harbor,F_ref_priority,1234,generated_rated,4,4,1,4,see evidence,see evidence,no,no,"painterly blue-violet harbour; woman, bicycle and lighthouse kept",vision pass 1 (agent),1234,1024,1024,25.67,361115f0a6b9c711e397ee24dec4544c45ed0ad02b0289e9372b366f32b55b40,True,True,prompts/fuzichoco-v2__harbor__F_ref_priority.txt,1,ratings-rest-seeds.json#
fuzichoco-v2__harbor__F_ref_priority__20260927,fuzichoco-v2,harbor,F_ref_priority,20260927,generated_rated,4,4,1,4,see evidence,see evidence,no,no,"painterly blue-violet harbour; woman, bicycle and lighthouse kept",vision pass 1 (agent),20260927,1024,1024,25.7,22780c5b08a9b8895d94626e1bc85e782a24cb9e99c95caa47bc07ed2faae773,True,True,prompts/fuzichoco-v2__harbor__F_ref_priority.txt,1,ratings-rest-seeds.json#
fuzichoco-v2__cafe__A_content_only__42,fuzichoco-v2,cafe,A_content_only,42,generated_rated,0,5,0,4,no,no,no,no,,vision pass 1 (agent),42,1024,1024,21.94,b743152df284aba4863e58ea39739e254e914303cc230cb2370f2632251c81c0,True,True,prompts/fuzichoco-v2__cafe__A_content_only.txt,1,ratings-harbor-cafe-s42.json#
fuzichoco-v2__cafe__A_content_only__1234,fuzichoco-v2,cafe,A_content_only,1234,generated_rated,0,5,0,4,see evidence,see evidence,no,no,clean photo cafe with man and cat,vision pass 1 (agent),1234,1024,1024,21.85,f86d3ec66a3ba5db576057ed409df5f2fcb91ca03199aba91812fbfdb1689851,True,True,prompts/fuzichoco-v2__cafe__A_content_only.txt,1,ratings-rest-seeds.json#
fuzichoco-v2__cafe__A_content_only__20260927,fuzichoco-v2,cafe,A_content_only,20260927,generated_rated,0,5,0,4,see evidence,see evidence,no,no,clean photo cafe with man and cat,vision pass 1 (agent),20260927,1024,1024,21.86,a2aa38bbc7fe9445a1709d01c8065ff735cdf1604a584dbfe6160642fe095cf7,True,True,prompts/fuzichoco-v2__cafe__A_content_only.txt,1,ratings-rest-seeds.json#
fuzichoco-v2__cafe__B_text_short__42,fuzichoco-v2,cafe,B_text_short,42,generated_rated,2,5,0,4,no,no,no,no,,vision pass 1 (agent),42,1024,1024,21.97,cf7624fa436afb4349ddc089b7d17fe53dbfd257d88335ea6cc816946d012e62,True,True,prompts/fuzichoco-v2__cafe__B_text_short.txt,1,ratings-harbor-cafe-s42.json#
fuzichoco-v2__cafe__B_text_short__1234,fuzichoco-v2,cafe,B_text_short,1234,generated_rated,3,4,1,4,see evidence,see evidence,no,no,deep blue painterly cafe with fish-like shapes; man and cat intact,vision pass 1 (agent),1234,1024,1024,21.98,0c44281fc90a7276f164e6b505db49eaf4c4f6712ce8b89e520e501d990e3636,True,True,prompts/fuzichoco-v2__cafe__B_text_short.txt,1,ratings-rest-seeds.json#
fuzichoco-v2__cafe__B_text_short__20260927,fuzichoco-v2,cafe,B_text_short,20260927,generated_rated,3,4,1,4,see evidence,see evidence,no,no,deep blue painterly cafe with fish-like shapes; man and cat intact,vision pass 1 (agent),20260927,1024,1024,21.96,8c5e9f4fd6745050d4beaaf6d8ef2e4c782b68558ce7301dde7a8ac10e5b32a9,True,True,prompts/fuzichoco-v2__cafe__B_text_short.txt,1,ratings-rest-seeds.json#
fuzichoco-v2__cafe__C_ref_only__42,fuzichoco-v2,cafe,C_ref_only,42,generated_rated,0,5,0,4,no,no,no,no,,vision pass 1 (agent),42,1024,1024,25.41,aa596125054e16d5ad8c8c4041ce8a95ed5fff0facf0c7e24c22888dcc2a6d28,True,True,prompts/fuzichoco-v2__cafe__C_ref_only.txt,1,ratings-harbor-cafe-s42.json#
fuzichoco-v2__cafe__C_ref_only__1234,fuzichoco-v2,cafe,C_ref_only,1234,generated_rated,2,4,0,4,see evidence,see evidence,no,no,"photographic cafe, no extra figure; only a painterly window frame",vision pass 1 (agent),1234,1024,1024,25.49,3c86dbd1772931f028b9b2cbd5df6c722fa2dae21444a240d78b90543087cc37,True,True,prompts/fuzichoco-v2__cafe__C_ref_only.txt,1,ratings-rest-seeds.json#
fuzichoco-v2__cafe__C_ref_only__20260927,fuzichoco-v2,cafe,C_ref_only,20260927,generated_rated,2,3,2,4,see evidence,see evidence,no,no,"a second, pale female figure appears beside the requested man",vision pass 1 (agent),20260927,1024,1024,25.54,55503971c37e2d3b913fbb7862d174039e7cc7ef7c93ef11190b209ae63968b4,True,True,prompts/fuzichoco-v2__cafe__C_ref_only.txt,1,ratings-rest-seeds.json#
fuzichoco-v2__cafe__D_ref_long__42,fuzichoco-v2,cafe,D_ref_long,42,generated_rated,4,2,4,3,no,no,an extra white-haired female figure appears beside the requested man,no,,vision pass 1 (agent),42,1024,1024,26.23,03f14d2c52c05e30e6bfaf0ba5651f707ff0ddb25434086a076f99b88b1c94be,True,True,prompts/fuzichoco-v2__cafe__D_ref_long.txt,1,ratings-harbor-cafe-s42.json#
fuzichoco-v2__cafe__D_ref_long__1234,fuzichoco-v2,cafe,D_ref_long,1234,generated_rated,4,2,4,4,see evidence,see evidence,see evidence,no,the reference's white-haired fantasy girl materialises beside the man,vision pass 1 (agent),1234,1024,1024,26.13,fc1dc1da00b069c39a9c8891ce75d4b790ecd28a1cc743c87e5b6760c0f18232,True,True,prompts/fuzichoco-v2__cafe__D_ref_long.txt,1,ratings-rest-seeds.json#
fuzichoco-v2__cafe__D_ref_long__20260927,fuzichoco-v2,cafe,D_ref_long,20260927,generated_rated,4,2,4,4,see evidence,see evidence,see evidence,no,the reference's white-haired fantasy girl materialises beside the man,vision pass 1 (agent),20260927,1024,1024,26.09,63ae6fa79cb0da531937e16b704c3271826f22c45cf9a627af04aa595783f99e,True,True,prompts/fuzichoco-v2__cafe__D_ref_long.txt,1,ratings-rest-seeds.json#
fuzichoco-v2__cafe__E_ref_short__42,fuzichoco-v2,cafe,E_ref_short,42,generated_rated,3,4,3,4,no,no,"the reference's picture frame, moon and doves rebuilt around the cafe table",no,,vision pass 1 (agent),42,1024,1024,25.66,eaf74d87235d44455fc764445b94efeb49ef87742ac5c96a5a08c87285d24417,True,True,prompts/fuzichoco-v2__cafe__E_ref_short.txt,1,ratings-harbor-cafe-s42.json#
fuzichoco-v2__cafe__E_ref_short__1234,fuzichoco-v2,cafe,E_ref_short,1234,generated_rated,3,2,4,4,see evidence,see evidence,see evidence,no,the framed rider on the white horse occupies the wall behind the cafe table,vision pass 1 (agent),1234,1024,1024,25.62,df2e9e4fcc24a861f8c5dc424980187fbb675fc5402d7ab0253e5946472bff75,True,True,prompts/fuzichoco-v2__cafe__E_ref_short.txt,1,ratings-rest-seeds.json#
fuzichoco-v2__cafe__E_ref_short__20260927,fuzichoco-v2,cafe,E_ref_short,20260927,generated_rated,3,2,4,4,see evidence,see evidence,see evidence,no,the framed rider on the white horse occupies the wall behind the cafe table,vision pass 1 (agent),20260927,1024,1024,25.64,e1e141b68ab9ad51dab32fc96fd9593d5027ec0178b51156de0ea17914a6ef92,True,True,prompts/fuzichoco-v2__cafe__E_ref_short.txt,1,ratings-rest-seeds.json#
fuzichoco-v2__cafe__F_ref_priority__42,fuzichoco-v2,cafe,F_ref_priority,42,generated_rated,3,4,2,4,no,no,pink blossom field replaces the cafe flooring,no,,vision pass 1 (agent),42,1024,1024,25.7,331bf30e3eae57d74130eb7d09a794df1fb89b19345e581e9a3425af71061aa7,True,True,prompts/fuzichoco-v2__cafe__F_ref_priority.txt,1,ratings-harbor-cafe-s42.json#
fuzichoco-v2__cafe__F_ref_priority__1234,fuzichoco-v2,cafe,F_ref_priority,1234,generated_rated,3,4,2,4,see evidence,see evidence,no,no,"man, cup and cat kept inside a prismatic fantasy bloom",vision pass 1 (agent),1234,1024,1024,25.73,05bf8e91fa29f6e0df545e65d3fdfd8ff14844d80761db2cb67ce4ed500e3e41,True,True,prompts/fuzichoco-v2__cafe__F_ref_priority.txt,1,ratings-rest-seeds.json#
fuzichoco-v2__cafe__F_ref_priority__20260927,fuzichoco-v2,cafe,F_ref_priority,20260927,generated_rated,3,4,2,4,see evidence,see evidence,no,no,"man, cup and cat kept inside a prismatic fantasy bloom",vision pass 1 (agent),20260927,1024,1024,25.7,30ff23a62c50611db34ed5c473f895db68fd5a5cec0455f9735fef5fcb70c077,True,True,prompts/fuzichoco-v2__cafe__F_ref_priority.txt,1,ratings-rest-seeds.json#
fuzichoco-v2__still_life__A_content_only__42,fuzichoco-v2,still_life,A_content_only,42,generated_rated,0,5,0,4,n/a (no person requested),n/a (no person requested),no,no,,vision pass 1 (agent),42,1024,1024,21.92,18bf6eea488651942eba90b97e8c75e0baffd3a6de5cca9cd480b9f3feed30fe,True,True,prompts/fuzichoco-v2__still_life__A_content_only.txt,1,ratings-still_life-s42.json#
fuzichoco-v2__still_life__A_content_only__1234,fuzichoco-v2,still_life,A_content_only,1234,generated_rated,0,5,0,4,see evidence,see evidence,no,no,photo still life by the window,vision pass 1 (agent),1234,1024,1024,21.89,a74fbc2207ed04dc07608a1c24b610d3e35b15a645e55025f635a3ddc0fc801a,True,True,prompts/fuzichoco-v2__still_life__A_content_only.txt,1,ratings-rest-seeds.json#
fuzichoco-v2__still_life__A_content_only__20260927,fuzichoco-v2,still_life,A_content_only,20260927,generated_rated,0,5,0,4,see evidence,see evidence,no,no,photo still life by the window,vision pass 1 (agent),20260927,1024,1024,21.85,98357a7ba12ef0513c9305e8cc55bef198d9dcea2105900e2be821b42723ae11,True,True,prompts/fuzichoco-v2__still_life__A_content_only.txt,1,ratings-rest-seeds.json#
fuzichoco-v2__still_life__B_text_short__42,fuzichoco-v2,still_life,B_text_short,42,generated_rated,1,5,0,4,n/a (no person requested),n/a (no person requested),no,no,,vision pass 1 (agent),42,1024,1024,21.96,8cb385b1820fb051ba08a178cc4e8fa84d155846e986de649ad0ff4a796cc4a0,True,True,prompts/fuzichoco-v2__still_life__B_text_short.txt,1,ratings-still_life-s42.json#
fuzichoco-v2__still_life__B_text_short__1234,fuzichoco-v2,still_life,B_text_short,1234,generated_rated,2,4,0,4,see evidence,see evidence,no,no,blue painterly wash with wave shapes; objects intact,vision pass 1 (agent),1234,1024,1024,21.94,e333f86e87def06c55167597b8dec3cb4253a6ff88ca02f1a7bee317401eeebb,True,True,prompts/fuzichoco-v2__still_life__B_text_short.txt,1,ratings-rest-seeds.json#
fuzichoco-v2__still_life__B_text_short__20260927,fuzichoco-v2,still_life,B_text_short,20260927,generated_rated,2,4,0,4,see evidence,see evidence,no,no,blue painterly wash with wave shapes; objects intact,vision pass 1 (agent),20260927,1024,1024,21.96,6a236585cd0460aed43e45fd1f30507bb28e4932fd5b10650b684c2968af3421,True,True,prompts/fuzichoco-v2__still_life__B_text_short.txt,1,ratings-rest-seeds.json#
fuzichoco-v2__still_life__C_ref_only__42,fuzichoco-v2,still_life,C_ref_only,42,generated_rated,1,5,0,4,n/a (no person requested),n/a (no person requested),no,no,,vision pass 1 (agent),42,1024,1024,25.5,b44166a865827fffbcafe7d8ea10e58df746ac70f6f73eb1c7cde6f1da093be2,True,True,prompts/fuzichoco-v2__still_life__C_ref_only.txt,1,ratings-still_life-s42.json#
fuzichoco-v2__still_life__C_ref_only__1234,fuzichoco-v2,still_life,C_ref_only,1234,generated_rated,2,5,0,4,see evidence,see evidence,no,no,slight painterly cast; no person and no horse,vision pass 1 (agent),1234,1024,1024,25.47,40eb045a89670988924847b2e4f857716756189d0366ee92f68313720aec4169,True,True,prompts/fuzichoco-v2__still_life__C_ref_only.txt,1,ratings-rest-seeds.json#
fuzichoco-v2__still_life__C_ref_only__20260927,fuzichoco-v2,still_life,C_ref_only,20260927,generated_rated,2,5,0,4,see evidence,see evidence,no,no,slight painterly cast; no person and no horse,vision pass 1 (agent),20260927,1024,1024,25.49,dc63dfeb657bd9b4cb9a72185b6b7768247ab3ffa3ef1bc257e4392f3a0ec6cb,True,True,prompts/fuzichoco-v2__still_life__C_ref_only.txt,1,ratings-rest-seeds.json#
fuzichoco-v2__still_life__D_ref_long__42,fuzichoco-v2,still_life,D_ref_long,42,generated_rated,4,0,5,4,n/a (no person requested),n/a (no person requested),a white-haired girl in a floral robe replaces the still life; teapot/cup/lemons survive only as props,no,,vision pass 1 (agent),42,1024,1024,26.2,699fa28f04f9a017fda3e6ea3760a995805ab3526e742455c1313851a708c46c,True,True,prompts/fuzichoco-v2__still_life__D_ref_long.txt,1,ratings-still_life-s42.json#
fuzichoco-v2__still_life__D_ref_long__1234,fuzichoco-v2,still_life,D_ref_long,1234,generated_rated,4,2,4,4,see evidence,see evidence,see evidence,no,a white-haired girl with a horse fills the frame; the still life survives in front,vision pass 1 (agent),1234,1024,1024,26.11,ae09c6c27c08c04247b006bc3ee1a3b6224d93351630a1de4ad3e8a3630fb2b7,True,True,prompts/fuzichoco-v2__still_life__D_ref_long.txt,1,ratings-rest-seeds.json#
fuzichoco-v2__still_life__D_ref_long__20260927,fuzichoco-v2,still_life,D_ref_long,20260927,generated_rated,4,2,4,4,see evidence,see evidence,see evidence,no,a white-haired girl with a horse fills the frame; the still life survives in front,vision pass 1 (agent),20260927,1024,1024,26.21,7b8943a50a40a1e30b3bc438e4bf0ab53ac1ac9333dc053510ded8d715be9e3b,True,True,prompts/fuzichoco-v2__still_life__D_ref_long.txt,1,ratings-rest-seeds.json#
fuzichoco-v2__still_life__E_ref_short__42,fuzichoco-v2,still_life,E_ref_short,42,generated_rated,3,1,5,3,n/a (no person requested),n/a (no person requested),the reference's framed rider on a white horse occupies the picture; the still life sits on the sill below it,no,,vision pass 1 (agent),42,1024,1024,25.61,a224eab7d6b17803de0ce8e69054ddbc683bcf332d09c68be9d1a96d32696e0f,True,True,prompts/fuzichoco-v2__still_life__E_ref_short.txt,1,ratings-still_life-s42.json#
fuzichoco-v2__still_life__E_ref_short__1234,fuzichoco-v2,still_life,E_ref_short,1234,generated_rated,3,2,4,4,see evidence,see evidence,see evidence,no,the reference's framed white horse and doves are reproduced behind the teapot,vision pass 1 (agent),1234,1024,1024,25.59,11215bdf054f0085c9ffd32ca7ee342aecec15a8a10563cf1ab4060bf3b30c2f,True,True,prompts/fuzichoco-v2__still_life__E_ref_short.txt,1,ratings-rest-seeds.json#
fuzichoco-v2__still_life__E_ref_short__20260927,fuzichoco-v2,still_life,E_ref_short,20260927,generated_rated,3,2,4,4,see evidence,see evidence,see evidence,no,the reference's framed white horse and doves are reproduced behind the teapot,vision pass 1 (agent),20260927,1024,1024,25.61,2276eb7c3b0d861905da9c1e657e16678d715ee54043cc531e27d67cacf7c192,True,True,prompts/fuzichoco-v2__still_life__E_ref_short.txt,1,ratings-rest-seeds.json#
fuzichoco-v2__still_life__F_ref_priority__42,fuzichoco-v2,still_life,F_ref_priority,42,generated_rated,4,2,4,4,n/a (no person requested),n/a (no person requested),a white-haired girl with a prismatic aura stands behind the requested teapot and lemons,no,,vision pass 1 (agent),42,1024,1024,25.73,243f684562b37697756f27e39020cd7caa8099263f52ac87138429d4d5f2ba4d,True,True,prompts/fuzichoco-v2__still_life__F_ref_priority.txt,1,ratings-still_life-s42.json#
fuzichoco-v2__still_life__F_ref_priority__1234,fuzichoco-v2,still_life,F_ref_priority,1234,generated_rated,4,2,4,4,see evidence,see evidence,see evidence,no,the white-haired girl stands behind the requested objects,vision pass 1 (agent),1234,1024,1024,25.77,740513db9a21cb3aa90f677980173452d0d4908b5296027743af365179051f2b,True,True,prompts/fuzichoco-v2__still_life__F_ref_priority.txt,1,ratings-rest-seeds.json#
fuzichoco-v2__still_life__F_ref_priority__20260927,fuzichoco-v2,still_life,F_ref_priority,20260927,generated_rated,4,2,4,4,see evidence,see evidence,see evidence,no,the white-haired girl stands behind the requested objects,vision pass 1 (agent),20260927,1024,1024,25.69,56da64fb223129a1f63cbff78f557fb54351449964e3f1bff578b2f7c7b4502e,True,True,prompts/fuzichoco-v2__still_life__F_ref_priority.txt,1,ratings-rest-seeds.json#
fuzichoco-v2__dual__G_dual_content_only__42,fuzichoco-v2,dual,G_dual_content_only,42,generated_rated,0,5,0,4,no,no,no,no,"Content image alone: woman, dress and blue interior reproduced closely.",vision pass 1 (agent),42,1024,1024,25.42,b7d31a45b2c67dd348528f6334419538d1c52cadb5b8bb0598ab3e906de076ed,True,True,prompts/fuzichoco-v2__dual__G_dual_content_only.txt,1,ratings-dual.json#
fuzichoco-v2__dual__G_dual_content_only__1234,fuzichoco-v2,dual,G_dual_content_only,1234,generated_rated,0,4,0,4,no,no,no,no,Content image alone: the woman and her blue interior are reproduced; no fuzichoco device (frame/doves) can appear because no style reference is sent.,vision pass 1 (agent),1234,1024,1024,25.39,052be1fef9de29473ab298f4c4a9e8e43ef4402483852c50f1a3b08af8483cfb,True,True,prompts/fuzichoco-v2__dual__G_dual_content_only.txt,1,ratings-dual.json#
fuzichoco-v2__dual__G_dual_content_only__20260927,fuzichoco-v2,dual,G_dual_content_only,20260927,generated_rated,0,4,0,4,no,no,no,no,"Content image alone: same subject and setting, slight drift in the background ornaments.",vision pass 1 (agent),20260927,1024,1024,25.47,0e39df9bf274f5912d39943af17ffa5ba09c9044817bd69ca3b093ec2292df0e,True,True,prompts/fuzichoco-v2__dual__G_dual_content_only.txt,1,ratings-dual.json#
fuzichoco-v2__dual__H_dual_style_priority__42,fuzichoco-v2,dual,H_dual_style_priority,42,generated_rated,2,5,1,4,no,no,no,no,"Content preserved and rendered in a warmer, more decorated painterly blue; no picture frame, no doves, no white horse appear.",vision pass 1 (agent),42,1024,1024,29.25,01341700eff6904dfa667b1e70a5553b00f2e5419191e39e72e2d64c2fe07102,True,True,prompts/fuzichoco-v2__dual__H_dual_style_priority.txt,1,ratings-dual.json#
fuzichoco-v2__dual__H_dual_style_priority__1234,fuzichoco-v2,dual,H_dual_style_priority,1234,generated_rated,2,5,1,4,no,no,no,no,Same content with a decorative blue-violet finish; reference props absent.,vision pass 1 (agent),1234,1024,1024,29.18,2482b45d0e514393e48f772a0225fdb2aaf0270e735c48c15792815247e5866a,True,True,prompts/fuzichoco-v2__dual__H_dual_style_priority.txt,1,ratings-dual.json#
fuzichoco-v2__dual__H_dual_style_priority__20260927,fuzichoco-v2,dual,H_dual_style_priority,20260927,generated_rated,2,5,1,4,no,no,no,no,"Content intact, softly decorated blue rendering; the reference's frame-and-dove device is not reproduced.",vision pass 1 (agent),20260927,1024,1024,29.18,010b6eee89a4f47e64ae685a87f59aa361d45dd602a62654e9520db9e3ac6dde,True,True,prompts/fuzichoco-v2__dual__H_dual_style_priority.txt,1,ratings-dual.json#
tinkle-style__harbor__A_content_only__42,tinkle-style,harbor,A_content_only,42,generated_rated,0,5,0,4,no,no,no,no,A baseline: clean full-body woman at the harbor with bicycle and lighthouse; all required local colours present.,vision pass 1 (agent),42,1024,1024,21.94,c80a665c7cead4c165ff0b71ab727d8c8f8defc9d1665be33c0f27519165faec,True,True,prompts/tinkle-style__harbor__A_content_only.txt,1,ratings-harbor-s42.json#X02
tinkle-style__harbor__A_content_only__1234,tinkle-style,harbor,A_content_only,1234,generated_rated,0,5,0,4,see evidence,see evidence,no,no,clean photo harbour,vision pass 1 (agent),1234,1024,1024,21.94,cc99f37f9d62fc4e8b8e73ebdedd8e43b7e2b1ed02685eee9ef4f13e7b54670d,True,True,prompts/tinkle-style__harbor__A_content_only.txt,1,ratings-rest-seeds.json#
tinkle-style__harbor__A_content_only__20260927,tinkle-style,harbor,A_content_only,20260927,generated_rated,0,5,0,4,see evidence,see evidence,no,no,clean photo harbour,vision pass 1 (agent),20260927,1024,1024,21.9,ef278680a33ae376c3113a9146ccd46933191df9660af6b3c346415604a4c654,True,True,prompts/tinkle-style__harbor__A_content_only.txt,1,ratings-rest-seeds.json#
tinkle-style__harbor__B_text_short__42,tinkle-style,harbor,B_text_short,42,generated_rated,1,5,0,4,no,no,no,no,"Text-only tinkle short spec: still a photoreal harbor woman; no pink density, no doll proportions.",vision pass 1 (agent),42,1024,1024,22.0,ec89d595f23f01e60b9c956630cc2141c786340d21e7dc9d16792c7d585fb69c,True,True,prompts/tinkle-style__harbor__B_text_short.txt,1,ratings-harbor-s42.json#X09
tinkle-style__harbor__B_text_short__1234,tinkle-style,harbor,B_text_short,1234,generated_rated,1,5,0,4,see evidence,see evidence,no,no,text-only spec leaves the harbour photographic,vision pass 1 (agent),1234,1024,1024,21.95,e85f8eb91ea064f36f5c20a9db1a11f02d35f3781114d2f03f8c9d27a5a7d481,True,True,prompts/tinkle-style__harbor__B_text_short.txt,1,ratings-rest-seeds.json#
tinkle-style__harbor__B_text_short__20260927,tinkle-style,harbor,B_text_short,20260927,generated_rated,1,5,0,4,see evidence,see evidence,no,no,text-only spec leaves the harbour photographic,vision pass 1 (agent),20260927,1024,1024,21.95,00f2849df471b536f63ec54ca5ca17e41170815f08ea3a7dfb40f08debab2c19,True,True,prompts/tinkle-style__harbor__B_text_short.txt,1,ratings-rest-seeds.json#
tinkle-style__harbor__C_ref_only__42,tinkle-style,harbor,C_ref_only,42,generated_rated,0,5,0,4,no,no,no,no,"Photographic harbor: adult woman, chestnut bob, yellow raincoat, dark blue trousers, red bicycle, lighthouse. No pink/magenta tinkle palette, no frills. Indistinguishable from the A baseline except micro-detail.",vision pass 1 (agent),42,1024,1024,25.52,f4e41d9b10140e62f3932524e3dbc9638c8f60d044a16bdd8affb1ecb07234ff,True,True,prompts/tinkle-style__harbor__C_ref_only.txt,1,ratings-harbor-s42.json#X01
tinkle-style__harbor__C_ref_only__1234,tinkle-style,harbor,C_ref_only,1234,generated_rated,1,5,0,4,see evidence,see evidence,no,no,"photographic harbour, no pink density",vision pass 1 (agent),1234,1024,1024,25.52,4a5367ce9f367860c7bab8d3aa71fd104e6674888faff6e7442fdc3647c630b5,True,True,prompts/tinkle-style__harbor__C_ref_only.txt,1,ratings-rest-seeds.json#
tinkle-style__harbor__C_ref_only__20260927,tinkle-style,harbor,C_ref_only,20260927,generated_rated,1,5,0,4,see evidence,see evidence,no,no,"photographic harbour, no pink density",vision pass 1 (agent),20260927,1024,1024,25.57,d75084396ae501fc2b415831b6c93d287d0a361ce9170870bc4b875fc3481d0e,True,True,prompts/tinkle-style__harbor__C_ref_only.txt,1,ratings-rest-seeds.json#
tinkle-style__harbor__D_ref_long__42,tinkle-style,harbor,D_ref_long,42,generated_rated,4,1,4,3,hair purple instead of chestnut bob,coat kept but restyled as a frilly dress,harbor/lighthouse/bicycle lost,no,"Long style text + reference produced a long-purple-haired chibi girl in a lilac petal snowfall. The requested woman, yellow raincoat and harbor bicycle are gone; only the yellow coat colour survives as a coat shape. The reference's magenta-pink floral density and doll proportions dominate; the reference's own protagonist is not reproduced literally, so leakage is 4 not 5.",vision pass 1 (agent),42,1024,1024,26.37,d8dd5abd2511124510aa70e33e66c1eddac0c737aaee1e2c268216117fb86d61,True,True,prompts/tinkle-style__harbor__D_ref_long.txt,1,ratings-harbor-s42.json#X08
tinkle-style__harbor__D_ref_long__1234,tinkle-style,harbor,D_ref_long,1234,generated_rated,3,4,1,4,see evidence,see evidence,no,no,"tinkle girl proportions and petal density adopted; yellow coat, bicycle and lighthouse survive",vision pass 1 (agent),1234,1024,1024,26.33,d2ff68ecf262011e10d574fd4fc5ce0567255ac58822362ed9e201d8864c76a7,True,True,prompts/tinkle-style__harbor__D_ref_long.txt,1,ratings-rest-seeds.json#
tinkle-style__harbor__D_ref_long__20260927,tinkle-style,harbor,D_ref_long,20260927,generated_rated,3,4,1,4,see evidence,see evidence,no,no,"tinkle girl proportions and petal density adopted; yellow coat, bicycle and lighthouse survive",vision pass 1 (agent),20260927,1024,1024,26.32,1dbcaa6b16e585285ac59b275018b538f2de191adb5cdf182ceb270193045ff1,True,True,prompts/tinkle-style__harbor__D_ref_long.txt,1,ratings-rest-seeds.json#
tinkle-style__harbor__E_ref_short__42,tinkle-style,harbor,E_ref_short,42,generated_rated,1,4,2,4,no,coat reads pale yellow,no,no,"Short style text + reference stayed near the A baseline (photoreal harbor), with the lighthouse enlarged and the background blown out. No tinkle pink. The re-composition around the reference hint counts as low-level leakage.",vision pass 1 (agent),42,1024,1024,25.71,5e785419b0a3165e34b6130e63038ba6526b244acaf80f14a311516d4ab52308,True,True,prompts/tinkle-style__harbor__E_ref_short.txt,1,ratings-harbor-s42.json#X14
tinkle-style__harbor__E_ref_short__1234,tinkle-style,harbor,E_ref_short,1234,generated_rated,3,4,1,4,see evidence,see evidence,no,no,soft pink/brown tinkle palette with the harbour intact,vision pass 1 (agent),1234,1024,1024,25.69,e256f55dcda402b57610d297a3dcf5cade17cad81bf69c477613e48474135444,True,True,prompts/tinkle-style__harbor__E_ref_short.txt,1,ratings-rest-seeds.json#
tinkle-style__harbor__E_ref_short__20260927,tinkle-style,harbor,E_ref_short,20260927,generated_rated,3,4,1,4,see evidence,see evidence,no,no,soft pink/brown tinkle palette with the harbour intact,vision pass 1 (agent),20260927,1024,1024,25.77,34e402db5f8a9425f0eea9f165bd504fc999fb25cc96773b2482d7e7899e4381,True,True,prompts/tinkle-style__harbor__E_ref_short.txt,1,ratings-rest-seeds.json#
tinkle-style__harbor__F_ref_priority__42,tinkle-style,harbor,F_ref_priority,42,generated_rated,3,4,1,4,"hair reads dark brown, acceptable",no,no,no,"Woman, yellow coat, red bicycle and lighthouse all present inside a pink petal storm with lilac lanterns; mild tinkle pink and softer palette without swapping in the reference protagonist.",vision pass 1 (agent),42,1024,1024,25.73,1f8169b492b7f94781f7fa9ff3041a05e08df444afc53da85d60ecea7ac24239,True,True,prompts/tinkle-style__harbor__F_ref_priority.txt,1,ratings-harbor-s42.json#X18
tinkle-style__harbor__F_ref_priority__1234,tinkle-style,harbor,F_ref_priority,1234,generated_rated,3,4,1,4,see evidence,see evidence,no,no,pink petal bloom around an intact harbour and bicycle,vision pass 1 (agent),1234,1024,1024,25.71,c9a67b921bfdef0ed53434096397b7528e117a1d687fcab72469ee0914468e1e,True,True,prompts/tinkle-style__harbor__F_ref_priority.txt,1,ratings-rest-seeds.json#
tinkle-style__harbor__F_ref_priority__20260927,tinkle-style,harbor,F_ref_priority,20260927,generated_rated,3,4,1,4,see evidence,see evidence,no,no,pink petal bloom around an intact harbour and bicycle,vision pass 1 (agent),20260927,1024,1024,25.74,977e4cd05ac8e94fbd938509455116157ece91ba8bf964278f3b16a0ca43ce65,True,True,prompts/tinkle-style__harbor__F_ref_priority.txt,1,ratings-rest-seeds.json#
tinkle-style__cafe__A_content_only__42,tinkle-style,cafe,A_content_only,42,generated_rated,0,5,0,4,no,no,no,no,,vision pass 1 (agent),42,1024,1024,21.89,7621225087e53281eeef2d964868bbe92420615eacb915817d69b16ac6bc80a0,True,True,prompts/tinkle-style__cafe__A_content_only.txt,1,ratings-harbor-cafe-s42.json#
tinkle-style__cafe__A_content_only__1234,tinkle-style,cafe,A_content_only,1234,generated_rated,0,5,0,4,see evidence,see evidence,no,no,clean photo cafe,vision pass 1 (agent),1234,1024,1024,21.87,f3cd76b23555ee31160dc5711c2154376ef37ac3bc467270511f1b367f53ee92,True,True,prompts/tinkle-style__cafe__A_content_only.txt,1,ratings-rest-seeds.json#
tinkle-style__cafe__A_content_only__20260927,tinkle-style,cafe,A_content_only,20260927,generated_rated,0,5,0,4,see evidence,see evidence,no,no,clean photo cafe,vision pass 1 (agent),20260927,1024,1024,21.86,b2ba0af17bdb146cc1ba8eb60fdea741db045b99b9d24714dfde952191131a74,True,True,prompts/tinkle-style__cafe__A_content_only.txt,1,ratings-rest-seeds.json#
tinkle-style__cafe__B_text_short__42,tinkle-style,cafe,B_text_short,42,generated_rated,2,4,0,4,no,no,no,no,,vision pass 1 (agent),42,1024,1024,21.93,33325c92b377c45330e5c628ef647dfbfbda1ce2d13b55303053889b3dda16e5,True,True,prompts/tinkle-style__cafe__B_text_short.txt,1,ratings-harbor-cafe-s42.json#
tinkle-style__cafe__B_text_short__1234,tinkle-style,cafe,B_text_short,1234,generated_rated,3,5,0,4,see evidence,see evidence,no,no,tinkle rendering applied to the correct cafe content,vision pass 1 (agent),1234,1024,1024,21.92,5cb77fd76e8e4a9707f11ed5c27620c857586ba58a41cae2667406c671e1d953,True,True,prompts/tinkle-style__cafe__B_text_short.txt,1,ratings-rest-seeds.json#
tinkle-style__cafe__B_text_short__20260927,tinkle-style,cafe,B_text_short,20260927,generated_rated,3,5,0,4,see evidence,see evidence,no,no,tinkle rendering applied to the correct cafe content,vision pass 1 (agent),20260927,1024,1024,21.93,5b0ce7cd4f08f7d2c6197a20cee8b9013c9ae57b181860201bb07462f61cd9c1,True,True,prompts/tinkle-style__cafe__B_text_short.txt,1,ratings-rest-seeds.json#
tinkle-style__cafe__C_ref_only__42,tinkle-style,cafe,C_ref_only,42,generated_rated,1,5,0,4,no,no,no,no,,vision pass 1 (agent),42,1024,1024,25.52,e42a0f4a79294e94b9c773846e5ba4eb2604705eb21cfb3cdaf6f747d5f57e05,True,True,prompts/tinkle-style__cafe__C_ref_only.txt,1,ratings-harbor-cafe-s42.json#
tinkle-style__cafe__C_ref_only__1234,tinkle-style,cafe,C_ref_only,1234,generated_rated,2,4,1,4,see evidence,see evidence,no,no,warmer anime cafe with a rose; man and cat kept,vision pass 1 (agent),1234,1024,1024,25.58,de96ba49395f69463e453f610f4478b3366b4289cf6112f2075c9cbb57336d78,True,True,prompts/tinkle-style__cafe__C_ref_only.txt,1,ratings-rest-seeds.json#
tinkle-style__cafe__C_ref_only__20260927,tinkle-style,cafe,C_ref_only,20260927,generated_rated,2,4,1,4,see evidence,see evidence,no,no,warmer anime cafe with a rose; man and cat kept,vision pass 1 (agent),20260927,1024,1024,25.52,fc224b0ed20ceabcdb5b0a708a88d815849415b6533bf9131c6f7eb9cb3f1c64,True,True,prompts/tinkle-style__cafe__C_ref_only.txt,1,ratings-rest-seeds.json#
tinkle-style__cafe__D_ref_long__42,tinkle-style,cafe,D_ref_long,42,generated_rated,4,1,4,3,pink-haired doll protagonist instead of the requested man,no,the requested male subject is replaced by a tinkle-style girl,no,,vision pass 1 (agent),42,1024,1024,26.32,3f4e520baaecd0ec56f5d022c0afaf0bd88fc9227a8d63c0defe65c228317e03,True,True,prompts/tinkle-style__cafe__D_ref_long.txt,1,ratings-harbor-cafe-s42.json#
tinkle-style__cafe__D_ref_long__1234,tinkle-style,cafe,D_ref_long,1234,generated_rated,4,1,4,4,see evidence,see evidence,see evidence,no,the reference's pink-haired girl becomes the subject; the man is gone or residual,vision pass 1 (agent),1234,1024,1024,26.38,9dc1f196c848af1b5aa91c793d7cfedc7365aa805c144509ce6dca58aabdcefb,True,True,prompts/tinkle-style__cafe__D_ref_long.txt,1,ratings-rest-seeds.json#
tinkle-style__cafe__D_ref_long__20260927,tinkle-style,cafe,D_ref_long,20260927,generated_rated,4,2,3,4,see evidence,see evidence,see evidence,no,the girl dominates but the man remains visible at the table,vision pass 1 (agent),20260927,1024,1024,26.28,b0ee0afa3c0ffdd8be7a081379f897612cee83380b5970884bacb870cda97b9e,True,True,prompts/tinkle-style__cafe__D_ref_long.txt,1,ratings-rest-seeds.json#
tinkle-style__cafe__E_ref_short__42,tinkle-style,cafe,E_ref_short,42,generated_rated,3,3,3,4,an extra long-haired girl appears beside the man,no,no,no,,vision pass 1 (agent),42,1024,1024,25.66,7a6a77d9d52e6792a1509759a96880e8471a745e71fc00a20272f4b8bf99fc8c,True,True,prompts/tinkle-style__cafe__E_ref_short.txt,1,ratings-harbor-cafe-s42.json#
tinkle-style__cafe__E_ref_short__1234,tinkle-style,cafe,E_ref_short,1234,generated_rated,4,2,4,4,see evidence,see evidence,see evidence,no,"a long pink-haired girl dominates the frame, the man reduced to a background figure",vision pass 1 (agent),1234,1024,1024,25.63,dda5702772ee8ad27180c504e237224a9b7c53f7ead65328f5baa56eaa87238c,True,True,prompts/tinkle-style__cafe__E_ref_short.txt,1,ratings-rest-seeds.json#
tinkle-style__cafe__E_ref_short__20260927,tinkle-style,cafe,E_ref_short,20260927,generated_rated,4,2,4,4,see evidence,see evidence,see evidence,no,"a long pink-haired girl dominates the frame, the man reduced to a background figure",vision pass 1 (agent),20260927,1024,1024,25.66,b5b9a7d524dc1b8f75238c9bfa8d4221f131caa41c774156f0e5a01923cdee66,True,True,prompts/tinkle-style__cafe__E_ref_short.txt,1,ratings-rest-seeds.json#
tinkle-style__cafe__F_ref_priority__42,tinkle-style,cafe,F_ref_priority,42,generated_rated,3,5,1,5,no,no,no,no,,vision pass 1 (agent),42,1024,1024,25.77,d332f139be2a8e6d1b7b9cf1c9b14a50239492101b5126c8a081def89a64e5f6,True,True,prompts/tinkle-style__cafe__F_ref_priority.txt,1,ratings-harbor-cafe-s42.json#
tinkle-style__cafe__F_ref_priority__1234,tinkle-style,cafe,F_ref_priority,1234,generated_rated,4,2,4,4,see evidence,see evidence,see evidence,no,the girl occupies the picture while the man sits at the table edge,vision pass 1 (agent),1234,1024,1024,25.74,d71126b5d4f95a51891e892d33b48aa0c348c6051a0fb8fec94238a0873948b3,True,True,prompts/tinkle-style__cafe__F_ref_priority.txt,1,ratings-rest-seeds.json#
tinkle-style__cafe__F_ref_priority__20260927,tinkle-style,cafe,F_ref_priority,20260927,generated_rated,4,2,4,4,see evidence,see evidence,see evidence,no,the girl occupies the picture while the man sits at the table edge,vision pass 1 (agent),20260927,1024,1024,25.76,50cb6ee6d61c9eaa7d713a9ab06a67c8e8d4429ee6a291884ca37bc53fe52eca,True,True,prompts/tinkle-style__cafe__F_ref_priority.txt,1,ratings-rest-seeds.json#
tinkle-style__still_life__A_content_only__42,tinkle-style,still_life,A_content_only,42,generated_rated,0,5,0,4,n/a (no person requested),n/a (no person requested),no,no,,vision pass 1 (agent),42,1024,1024,21.93,96a6ea931f12965b1015f88aadcd21780ae53e421fdfd5ea045a76c168fc638d,True,True,prompts/tinkle-style__still_life__A_content_only.txt,1,ratings-still_life-s42.json#
tinkle-style__still_life__A_content_only__1234,tinkle-style,still_life,A_content_only,1234,generated_rated,0,5,0,4,see evidence,see evidence,no,no,photo still life,vision pass 1 (agent),1234,1024,1024,21.88,486de19767ca2c1b7826ad94615354b3ba664624b29a51932eef1de1b9c4649e,True,True,prompts/tinkle-style__still_life__A_content_only.txt,1,ratings-rest-seeds.json#
tinkle-style__still_life__A_content_only__20260927,tinkle-style,still_life,A_content_only,20260927,generated_rated,0,5,0,4,see evidence,see evidence,no,no,photo still life,vision pass 1 (agent),20260927,1024,1024,21.87,65479fa68e8c86a212e301aa9d022d5fcdf10a43642d65dff0be81722534f40e,True,True,prompts/tinkle-style__still_life__A_content_only.txt,1,ratings-rest-seeds.json#
tinkle-style__still_life__B_text_short__42,tinkle-style,still_life,B_text_short,42,generated_rated,1,5,0,4,n/a (no person requested),n/a (no person requested),no,no,,vision pass 1 (agent),42,1024,1024,21.9,055ffc72f433bf3db01942c6171e722b3136983de7378eb321cc27534c2c4d30,True,True,prompts/tinkle-style__still_life__B_text_short.txt,1,ratings-still_life-s42.json#
tinkle-style__still_life__B_text_short__1234,tinkle-style,still_life,B_text_short,1234,generated_rated,2,4,0,4,see evidence,see evidence,no,no,"blue-tinted exposure; teapot, cup and lemons all present",vision pass 1 (agent),1234,1024,1024,21.92,36e34714201559dd4c0ccb5206b78e3fd2825ed4ed8373518a209a572bd0465a,True,True,prompts/tinkle-style__still_life__B_text_short.txt,1,ratings-rest-seeds.json#
tinkle-style__still_life__B_text_short__20260927,tinkle-style,still_life,B_text_short,20260927,generated_rated,2,4,0,4,see evidence,see evidence,no,no,"blue-tinted exposure; teapot, cup and lemons all present",vision pass 1 (agent),20260927,1024,1024,21.94,72cf37c6430c619e0a558f406230c34a9b15e7ea3f473eac8dfb9664cfebd26a,True,True,prompts/tinkle-style__still_life__B_text_short.txt,1,ratings-rest-seeds.json#
tinkle-style__still_life__C_ref_only__42,tinkle-style,still_life,C_ref_only,42,generated_rated,1,5,0,4,n/a (no person requested),n/a (no person requested),no,no,,vision pass 1 (agent),42,1024,1024,25.52,9cb88cff4b5de424faa1e9b237d86ba451587720be9a433438f668aa92b097bb,True,True,prompts/tinkle-style__still_life__C_ref_only.txt,1,ratings-still_life-s42.json#
tinkle-style__still_life__C_ref_only__1234,tinkle-style,still_life,C_ref_only,1234,generated_rated,2,5,0,4,see evidence,see evidence,no,no,slight exposure shift only; no person,vision pass 1 (agent),1234,1024,1024,25.57,fdc5962d6cf55a2b6458e96234bbbe0ca8cb9fa7426bdd939605107d2953263f,True,True,prompts/tinkle-style__still_life__C_ref_only.txt,1,ratings-rest-seeds.json#
tinkle-style__still_life__C_ref_only__20260927,tinkle-style,still_life,C_ref_only,20260927,generated_rated,2,5,0,4,see evidence,see evidence,no,no,slight exposure shift only; no person,vision pass 1 (agent),20260927,1024,1024,25.51,07a4606dfa1db26b7ac4e7433cf08ebf5895c4b071257468c9d01c94341efb26,True,True,prompts/tinkle-style__still_life__C_ref_only.txt,1,ratings-rest-seeds.json#
tinkle-style__still_life__D_ref_long__42,tinkle-style,still_life,D_ref_long,42,generated_rated,4,0,5,4,n/a (no person requested),n/a (no person requested),a pink-haired girl replaces the still life; the teapot becomes her prop,no,,vision pass 1 (agent),42,1024,1024,26.3,bb582a66d071caeaac137bfbe0cc36614ab6a0df69889f0c34be2e3274f7b1eb,True,True,prompts/tinkle-style__still_life__D_ref_long.txt,1,ratings-still_life-s42.json#
tinkle-style__still_life__D_ref_long__1234,tinkle-style,still_life,D_ref_long,1234,generated_rated,4,1,5,4,see evidence,see evidence,see evidence,no,the reference's pink-haired girl replaces the still life entirely,vision pass 1 (agent),1234,1024,1024,26.37,501be76d60761c38a0552de233b2acac791be61ab58077a488fe3b2e80d9ccef,True,True,prompts/tinkle-style__still_life__D_ref_long.txt,1,ratings-rest-seeds.json#
tinkle-style__still_life__D_ref_long__20260927,tinkle-style,still_life,D_ref_long,20260927,generated_rated,4,1,5,4,see evidence,see evidence,see evidence,no,the reference's pink-haired girl replaces the still life entirely,vision pass 1 (agent),20260927,1024,1024,26.49,92ab735e9e7e5340e88689bcbe9d2c1ab2f126cdd20cf2ae53a2701fa10e610f,True,True,prompts/tinkle-style__still_life__D_ref_long.txt,1,ratings-rest-seeds.json#
tinkle-style__still_life__E_ref_short__42,tinkle-style,still_life,E_ref_short,42,generated_rated,4,2,4,4,n/a (no person requested),n/a (no person requested),"a long-haired girl sits behind the requested teapot, cup and lemons",no,,vision pass 1 (agent),42,1024,1024,25.69,6bd2e3811c90671aede5716f69b4a1c0d759e47435fe11a7ae747435b38abdaf,True,True,prompts/tinkle-style__still_life__E_ref_short.txt,1,ratings-still_life-s42.json#
tinkle-style__still_life__E_ref_short__1234,tinkle-style,still_life,E_ref_short,1234,generated_rated,4,2,5,4,see evidence,see evidence,see evidence,no,girl in a cafe at the same table; teapot and lemons kept as her props,vision pass 1 (agent),1234,1024,1024,25.62,3129c0c5130061bce1288f2a1204a25f4bb0e84aa976064cafd5f9d6f137139a,True,True,prompts/tinkle-style__still_life__E_ref_short.txt,1,ratings-rest-seeds.json#
tinkle-style__still_life__E_ref_short__20260927,tinkle-style,still_life,E_ref_short,20260927,generated_rated,4,2,5,4,see evidence,see evidence,see evidence,no,girl in a cafe at the same table; teapot and lemons kept as her props,vision pass 1 (agent),20260927,1024,1024,25.66,9d0abe086226d8ec3e840ea1602d282ec617567700912160317cef00637f1ba2,True,True,prompts/tinkle-style__still_life__E_ref_short.txt,1,ratings-rest-seeds.json#
tinkle-style__still_life__F_ref_priority__42,tinkle-style,still_life,F_ref_priority,42,generated_rated,4,3,3,4,n/a (no person requested),n/a (no person requested),a ghosted pink-haired figure stands among the requested objects,no,,vision pass 1 (agent),42,1024,1024,25.8,94cc1c0dd1aa00e978890faec678b4b5cc87aa24e626bb0001cc1eca81fffe1e,True,True,prompts/tinkle-style__still_life__F_ref_priority.txt,1,ratings-still_life-s42.json#
tinkle-style__still_life__F_ref_priority__1234,tinkle-style,still_life,F_ref_priority,1234,generated_rated,4,2,5,4,see evidence,see evidence,see evidence,no,girl portrait with the teapot; the explicit no-person instruction is overridden,vision pass 1 (agent),1234,1024,1024,25.76,da2322f146585f057e24d98ad6337dff79127c5140aaeee3719a67bd71e945c3,True,True,prompts/tinkle-style__still_life__F_ref_priority.txt,1,ratings-rest-seeds.json#
tinkle-style__still_life__F_ref_priority__20260927,tinkle-style,still_life,F_ref_priority,20260927,generated_rated,4,2,5,4,see evidence,see evidence,see evidence,no,girl portrait with the teapot; the explicit no-person instruction is overridden,vision pass 1 (agent),20260927,1024,1024,25.79,1abc07f9972d272ac1d6f35d822c41407d29c76282f0267de28bcb152bb0a6c4,True,True,prompts/tinkle-style__still_life__F_ref_priority.txt,1,ratings-rest-seeds.json#
tinkle-style__dual__G_dual_content_only__42,tinkle-style,dual,G_dual_content_only,42,generated_rated,0,5,0,4,no,no,no,no,"Content image alone: woman, dress and blue interior reproduced closely.",vision pass 1 (agent),42,1024,1024,25.39,38354b29d1f65e3f106068b787f4b9ceded6825173ae0396b0c4ad2bbef3e644,True,True,prompts/tinkle-style__dual__G_dual_content_only.txt,1,ratings-dual.json#
tinkle-style__dual__G_dual_content_only__1234,tinkle-style,dual,G_dual_content_only,1234,generated_rated,0,4,0,4,no,no,no,no,"Content image alone: woman, dress and blue interior preserved; no tinkle pink density appears.",vision pass 1 (agent),1234,1024,1024,25.46,6816563e3365019936800c5bb030cab51777a65cd3d56d96e8d493325a3ccac1,True,True,prompts/tinkle-style__dual__G_dual_content_only.txt,1,ratings-dual.json#
tinkle-style__dual__G_dual_content_only__20260927,tinkle-style,dual,G_dual_content_only,20260927,generated_rated,0,4,0,4,no,no,no,no,Content image alone: same subject and setting with minor detail drift.,vision pass 1 (agent),20260927,1024,1024,25.37,910fd60ccda1879bc9ebdf63a3a2a68d82f7219b7878399f562f43a2ca800521,True,True,prompts/tinkle-style__dual__G_dual_content_only.txt,1,ratings-dual.json#
tinkle-style__dual__H_dual_style_priority__42,tinkle-style,dual,H_dual_style_priority,42,generated_rated,3,4,1,4,no,dress restyled with extra frills and lace,no,no,"The woman and the blue interior stay, but the dress becomes lighter and more frilled and the palette picks up the reference's soft gloss.",vision pass 1 (agent),42,1024,1024,29.27,09b31ac9e74fc27806c8180149c2b3712b538fcdfc2045d13b6bf1523d93a7fd,True,True,prompts/tinkle-style__dual__H_dual_style_priority.txt,1,ratings-dual.json#
tinkle-style__dual__H_dual_style_priority__1234,tinkle-style,dual,H_dual_style_priority,1234,generated_rated,3,4,1,4,no,dress restyled with extra frills,no,no,Same figure and setting with a lighter frilled dress and a tinkle-like soft gloss; no pink-haired substitute appears.,vision pass 1 (agent),1234,1024,1024,29.2,ff4eb14a873714451ff0192f3f73b536c968f48aad43bf96fdcd86266a240e6a,True,True,prompts/tinkle-style__dual__H_dual_style_priority.txt,1,ratings-dual.json#
tinkle-style__dual__H_dual_style_priority__20260927,tinkle-style,dual,H_dual_style_priority,20260927,generated_rated,3,4,1,4,no,dress restyled with extra frills,no,no,"Content and setting kept, palette lifted toward the reference's glossy pastel; no character substitution.",vision pass 1 (agent),20260927,1024,1024,29.22,bfbba59b619b9f7ab869a5a24261d7621d3e8dfb0c41a2b825295ea7ea50b12e,True,True,prompts/tinkle-style__dual__H_dual_style_priority.txt,1,ratings-dual.json#
renian__harbor__A_content_only__42,renian,harbor,A_content_only,42,generated_rated,0,5,0,4,no,no,no,no,"A baseline: adult woman, chestnut bob, yellow raincoat, red bicycle, lighthouse.",vision pass 1 (agent),42,1024,1024,21.91,dce4e6848cd6feec930a3230212dc26992077f0ba65d0229fe38ff5f3b50b61a,True,True,prompts/renian__harbor__A_content_only.txt,1,ratings-harbor-s42.json#X24
renian__harbor__A_content_only__1234,renian,harbor,A_content_only,1234,generated_rated,0,5,0,4,see evidence,see evidence,no,no,clean photo harbour,vision pass 1 (agent),1234,1024,1024,21.96,79b17c44608ce7a4a324594a4dc66c61e00ed6458c588eea620a337dfa98e9b3,True,True,prompts/renian__harbor__A_content_only.txt,1,ratings-rest-seeds.json#
renian__harbor__A_content_only__20260927,renian,harbor,A_content_only,20260927,generated_rated,0,5,0,4,see evidence,see evidence,no,no,clean photo harbour,vision pass 1 (agent),20260927,1024,1024,21.84,79c11ab1c2871edcaebfa40d6114dc4b8e4e22e42f14b6e2449c2d6be5e6a73e,True,True,prompts/renian__harbor__A_content_only.txt,1,ratings-rest-seeds.json#
renian__harbor__B_text_short__42,renian,harbor,B_text_short,42,generated_rated,1,4,2,4,hair lighter than chestnut,coat pale yellow rather than plain yellow,"bicycle missing, terrace-seafront instead of harbor quay",no,"Text-only renian short spec: the woman is there in a pale yellow coat, but the hair reads lighter and the scene drifts to an empty bright terrace without the bicycle; blue-lavender glow hints at the renian palette.",vision pass 1 (agent),42,1024,1024,21.96,9834b0edc1666bdfffe34cd2ad222e94b41160587ac6741aa04a29d4ed3c6ca3,True,True,prompts/renian__harbor__B_text_short.txt,1,ratings-harbor-s42.json#X20
renian__harbor__B_text_short__1234,renian,harbor,B_text_short,1234,generated_rated,1,4,1,4,see evidence,see evidence,no,no,muted cream cast; the woman is kept but the bicycle disappears in some seeds,vision pass 1 (agent),1234,1024,1024,21.95,41d1ba780a2ec58c4e52c1b5e0ab09b9882f28bba082f513b6f0e9cdfb42d994,True,True,prompts/renian__harbor__B_text_short.txt,1,ratings-rest-seeds.json#
renian__harbor__B_text_short__20260927,renian,harbor,B_text_short,20260927,generated_rated,1,5,0,4,see evidence,see evidence,no,no,woman and bicycle both present; only the palette is muted,vision pass 1 (agent),20260927,1024,1024,21.99,2d63405cc2dff4d0622648ed149488335e185b024114b6e12ce609beb4679c23,True,True,prompts/renian__harbor__B_text_short.txt,1,ratings-rest-seeds.json#
renian__harbor__C_ref_only__42,renian,harbor,C_ref_only,42,generated_rated,1,5,0,4,no,no,no,no,"Same harbor scene as A. Slight soft pastel light could be seen as a hint of the reference, but no mint hairaqua palette, no bubbles, no coral; treated as noise-level.",vision pass 1 (agent),42,1024,1024,25.63,4e533502c268a2b809a22be0f9058c74670918a1400ae35f34f892e0e7f6bbba,True,True,prompts/renian__harbor__C_ref_only.txt,1,ratings-harbor-s42.json#X03
renian__harbor__C_ref_only__1234,renian,harbor,C_ref_only,1234,generated_rated,2,4,1,4,see evidence,see evidence,no,no,soft lavender cast and a paler coat; content kept,vision pass 1 (agent),1234,1024,1024,25.64,c155e7d894a7920452788e67ff28b9eb643772eccc2958f38dbcf6efa82441f1,True,True,prompts/renian__harbor__C_ref_only.txt,1,ratings-rest-seeds.json#
renian__harbor__C_ref_only__20260927,renian,harbor,C_ref_only,20260927,generated_rated,2,4,1,4,see evidence,see evidence,no,no,soft lavender cast and a paler coat; content kept,vision pass 1 (agent),20260927,1024,1024,25.76,ad6ed43eb3f9159309a45c302b76ea670043865ab1038d56fc8822d7f5cabfe7,True,True,prompts/renian__harbor__C_ref_only.txt,1,ratings-rest-seeds.json#
renian__harbor__D_ref_long__42,renian,harbor,D_ref_long,42,generated_rated,4,1,5,4,mint green long hair instead of chestnut bob,yellow coat kept over an aqua fantasy costume,underwater bubble/coral set dressing injected into the harbour,no,"The reference's protagonist reproduced: long mint-green hair, aqua iridescent ribbon-like hair mass, glass bubbles, coral, shells and pearls. The yellow coat and the bicycle survive as props, but the woman is a mint-haired fantasy character, not the requested chestnut-bob woman. Textbook renian content leakage.",vision pass 1 (agent),42,1024,1024,26.53,6fea798be53d3fa2d245f86a4b2e64a65ce047ba059b6e2b0a3fdd160be14ce4,True,True,prompts/renian__harbor__D_ref_long.txt,1,ratings-harbor-s42.json#X23
renian__harbor__D_ref_long__1234,renian,harbor,D_ref_long,1234,generated_rated,4,1,5,4,see evidence,see evidence,see evidence,no,mint-haired translucent girl replaces the requested woman; only the coat and bicycle remain,vision pass 1 (agent),1234,1024,1024,26.55,67f8d48972229e466ffbff6ff8e9c37ff4ff9cba035aa0bcb3664320bf1cb22d,True,True,prompts/renian__harbor__D_ref_long.txt,1,ratings-rest-seeds.json#
renian__harbor__D_ref_long__20260927,renian,harbor,D_ref_long,20260927,generated_rated,4,1,5,4,see evidence,see evidence,see evidence,no,mint-haired translucent girl replaces the requested woman; only the coat and bicycle remain,vision pass 1 (agent),20260927,1024,1024,26.59,b0b241dec5b898db80b43e80e1c16061df3d24b7baf918ef3d69a8a4db639715,True,True,prompts/renian__harbor__D_ref_long.txt,1,ratings-rest-seeds.json#
renian__harbor__E_ref_short__42,renian,harbor,E_ref_short,42,generated_rated,3,4,2,4,no,no,bubbles/seashells added to the quay,no,"Woman, yellow coat, bicycle and lighthouse preserved inside a soft blue-lavender bloom with iridescent bubbles and starfish-like sparkles; renian's palette and glow transferred without swapping in the mint-haired protagonist.",vision pass 1 (agent),42,1024,1024,25.83,1d889955dab6501f2f5bd23aa8caf61557a5c27af7a112b63609ba6b151add02,True,True,prompts/renian__harbor__E_ref_short.txt,1,ratings-harbor-s42.json#X30
renian__harbor__E_ref_short__1234,renian,harbor,E_ref_short,1234,generated_rated,3,4,3,4,see evidence,see evidence,see evidence,no,correct woman kept; the reference's translucent aqua hair mass fills the background,vision pass 1 (agent),1234,1024,1024,25.77,239667ebd5bcc22186b76b0eb15df2c93e495b1821d5469b9fd489e906f0a725,True,True,prompts/renian__harbor__E_ref_short.txt,1,ratings-rest-seeds.json#
renian__harbor__E_ref_short__20260927,renian,harbor,E_ref_short,20260927,generated_rated,3,4,3,4,see evidence,see evidence,see evidence,no,correct woman kept; the reference's translucent aqua hair mass fills the background,vision pass 1 (agent),20260927,1024,1024,25.79,bf45e93d3569da0bab4f22bf910b7f803f07d5a9500f804ac6f04a2848f25409,True,True,prompts/renian__harbor__E_ref_short.txt,1,ratings-rest-seeds.json#
renian__harbor__F_ref_priority__42,renian,harbor,F_ref_priority,42,generated_rated,3,4,2,5,hair slightly lighter/softer than chestnut bob,no,no,no,"Harbor kept (lighthouse, sea, red bike, yellow coat). Soft blue-lavender highlight bloom and floating bubbles borrowed from the reference; bubble glyphs read as reference decoration, so leakage > 1, and the coat reads brighter yellow than the plain coat in A.",vision pass 1 (agent),42,1024,1024,25.77,2988a824d5cb6b1b16932120c8f3a93f3284a99e9de69c086dc0e9a439edff18,True,True,prompts/renian__harbor__F_ref_priority.txt,1,ratings-harbor-s42.json#X04
renian__harbor__F_ref_priority__1234,renian,harbor,F_ref_priority,1234,generated_rated,3,4,3,4,see evidence,see evidence,see evidence,no,correct woman kept with the aqua hair mass and petal confetti behind her,vision pass 1 (agent),1234,1024,1024,25.82,f87f18039bef5fe339d86058c6d14230f6258778aa93cd550ee5b8fa04baa5b8,True,True,prompts/renian__harbor__F_ref_priority.txt,1,ratings-rest-seeds.json#
renian__harbor__F_ref_priority__20260927,renian,harbor,F_ref_priority,20260927,generated_rated,3,4,3,4,see evidence,see evidence,see evidence,no,correct woman kept with the aqua hair mass and petal confetti behind her,vision pass 1 (agent),20260927,1024,1024,25.83,fb69cada2d1e71d71f7c5512af7839dcc0c347aa25812124003895eec66a225a,True,True,prompts/renian__harbor__F_ref_priority.txt,1,ratings-rest-seeds.json#
renian__cafe__A_content_only__42,renian,cafe,A_content_only,42,generated_rated,0,5,0,4,no,no,no,no,,vision pass 1 (agent),42,1024,1024,21.9,b189e040a78d96b791b905e31869b27092a140f3bf066785e379a239d87d16c0,True,True,prompts/renian__cafe__A_content_only.txt,1,ratings-harbor-cafe-s42.json#
renian__cafe__A_content_only__1234,renian,cafe,A_content_only,1234,generated_rated,0,5,0,4,see evidence,see evidence,no,no,clean photo cafe,vision pass 1 (agent),1234,1024,1024,21.87,ec0c0f2eb6a3b03c5c48a55c3d54ef194181172eae198b1546c1fa852e014d08,True,True,prompts/renian__cafe__A_content_only.txt,1,ratings-rest-seeds.json#
renian__cafe__A_content_only__20260927,renian,cafe,A_content_only,20260927,generated_rated,0,5,0,4,see evidence,see evidence,no,no,clean photo cafe,vision pass 1 (agent),20260927,1024,1024,21.89,a65be44c7cbf662461ae49f7f3342b214d43b20ea5d566f8f8efd41cc544e854,True,True,prompts/renian__cafe__A_content_only.txt,1,ratings-rest-seeds.json#
renian__cafe__B_text_short__42,renian,cafe,B_text_short,42,generated_rated,2,5,0,4,no,no,no,no,,vision pass 1 (agent),42,1024,1024,21.93,7d4077c3a30c4619e399865e9924c35b6eb879c6e779e6ad4fcd532109cf02e6,True,True,prompts/renian__cafe__B_text_short.txt,1,ratings-harbor-cafe-s42.json#
renian__cafe__B_text_short__1234,renian,cafe,B_text_short,1234,generated_rated,2,5,0,4,see evidence,see evidence,no,no,"soft warm anime cafe; man, cup and cat all present",vision pass 1 (agent),1234,1024,1024,21.92,14f2bbaf838275346c4fd6f6a919960a926a4ec6abe88476f4e914f6d8d3b4c3,True,True,prompts/renian__cafe__B_text_short.txt,1,ratings-rest-seeds.json#
renian__cafe__B_text_short__20260927,renian,cafe,B_text_short,20260927,generated_rated,2,5,0,4,see evidence,see evidence,no,no,"soft warm anime cafe; man, cup and cat all present",vision pass 1 (agent),20260927,1024,1024,21.96,1350082d6c470e924446c3332839cfea571a0139ca51e00cef04f43f973ff9f3,True,True,prompts/renian__cafe__B_text_short.txt,1,ratings-rest-seeds.json#
renian__cafe__C_ref_only__42,renian,cafe,C_ref_only,42,generated_rated,1,5,0,4,no,no,no,no,,vision pass 1 (agent),42,1024,1024,25.64,b9abc319202c082dae4ebf7237ba2d7dd68890cd74090e79f93591a07515ff3b,True,True,prompts/renian__cafe__C_ref_only.txt,1,ratings-harbor-cafe-s42.json#
renian__cafe__C_ref_only__1234,renian,cafe,C_ref_only,1234,generated_rated,2,4,1,4,see evidence,see evidence,no,no,photographic cafe; one seed shows a purple neon window (scene cast change),vision pass 1 (agent),1234,1024,1024,25.66,f19202c8f5c1ae893a650b073478eb1219e18ade605514fa1c80fa3f1cc97814,True,True,prompts/renian__cafe__C_ref_only.txt,1,ratings-rest-seeds.json#
renian__cafe__C_ref_only__20260927,renian,cafe,C_ref_only,20260927,generated_rated,2,4,1,4,see evidence,see evidence,no,no,photographic cafe; one seed shows a purple neon window (scene cast change),vision pass 1 (agent),20260927,1024,1024,25.74,3036fe53e1ccd58c2030b1beb73962ffb88c5413a174c94e3aefe361411e8729,True,True,prompts/renian__cafe__C_ref_only.txt,1,ratings-rest-seeds.json#
renian__cafe__D_ref_long__42,renian,cafe,D_ref_long,42,generated_rated,4,2,4,4,aqua long-haired extra figure added,no,reference's aqua hair-ribbon set piece wraps the cafe table,no,,vision pass 1 (agent),42,1024,1024,26.5,cfa1c862b38e52cb0c05a9d47a92b8248b4bd313c726e69d3dec27b37a28f6fb,True,True,prompts/renian__cafe__D_ref_long.txt,1,ratings-harbor-cafe-s42.json#
renian__cafe__D_ref_long__1234,renian,cafe,D_ref_long,1234,generated_rated,4,4,3,4,see evidence,see evidence,see evidence,no,man and cat kept; an aqua-haired reference figure sits beside the table,vision pass 1 (agent),1234,1024,1024,26.51,083854dec39c8b73324748b740d79d383455956c851880e336c85df68a36f97e,True,True,prompts/renian__cafe__D_ref_long.txt,1,ratings-rest-seeds.json#
renian__cafe__D_ref_long__20260927,renian,cafe,D_ref_long,20260927,generated_rated,4,4,3,4,see evidence,see evidence,see evidence,no,man and cat kept; an aqua-haired reference figure sits beside the table,vision pass 1 (agent),20260927,1024,1024,26.5,698042e16a0b6a9dd9dc5aea3e3fcd67544644d3461d272ca543ef6f8129411b,True,True,prompts/renian__cafe__D_ref_long.txt,1,ratings-rest-seeds.json#
renian__cafe__E_ref_short__42,renian,cafe,E_ref_short,42,generated_rated,4,2,4,4,no,no,the reference's translucent hair-ribbon mass and bubbles occupy the cafe,no,,vision pass 1 (agent),42,1024,1024,25.89,90358347930fcc801367605ff60c75109f9f81a17e736e8b55f8f962827cbfba,True,True,prompts/renian__cafe__E_ref_short.txt,1,ratings-harbor-cafe-s42.json#
renian__cafe__E_ref_short__1234,renian,cafe,E_ref_short,1234,generated_rated,4,4,3,4,see evidence,see evidence,see evidence,no,man and cat kept; the translucent aqua hair mass frames the table,vision pass 1 (agent),1234,1024,1024,25.79,5971587746625c6a732cbbf658e0e5c4e482f57358fa4d4eefacf61d596f146e,True,True,prompts/renian__cafe__E_ref_short.txt,1,ratings-rest-seeds.json#
renian__cafe__E_ref_short__20260927,renian,cafe,E_ref_short,20260927,generated_rated,4,4,3,4,see evidence,see evidence,see evidence,no,man and cat kept; the translucent aqua hair mass frames the table,vision pass 1 (agent),20260927,1024,1024,25.78,c35be2c159740c307ab70677b093f6beb211089499bdddcdfa1304e6f10a0cd3,True,True,prompts/renian__cafe__E_ref_short.txt,1,ratings-rest-seeds.json#
renian__cafe__F_ref_priority__42,renian,cafe,F_ref_priority,42,generated_rated,4,2,4,4,no,no,same aqua hair-ribbon set piece as E; only the extras differ,no,,vision pass 1 (agent),42,1024,1024,25.85,947079fc0c7a528886feec901be6970cf045ac09363dfbe86081ee0ecfffccc4,True,True,prompts/renian__cafe__F_ref_priority.txt,1,ratings-harbor-cafe-s42.json#
renian__cafe__F_ref_priority__1234,renian,cafe,F_ref_priority,1234,generated_rated,4,4,3,4,see evidence,see evidence,see evidence,no,man and cat kept; aqua hair and bubbles fill the background,vision pass 1 (agent),1234,1024,1024,25.78,37fb791ffdcfdcde8255a1771506654a4a76d4a65f3d7d493ca140c40378599c,True,True,prompts/renian__cafe__F_ref_priority.txt,1,ratings-rest-seeds.json#
renian__cafe__F_ref_priority__20260927,renian,cafe,F_ref_priority,20260927,generated_rated,4,4,3,4,see evidence,see evidence,see evidence,no,man and cat kept; aqua hair and bubbles fill the background,vision pass 1 (agent),20260927,1024,1024,25.86,aef960df2b50a7146a76e8622047ee7b31c3dd8abb0ea1c6281ac06828995e6c,True,True,prompts/renian__cafe__F_ref_priority.txt,1,ratings-rest-seeds.json#
renian__still_life__A_content_only__42,renian,still_life,A_content_only,42,generated_rated,0,5,0,4,n/a (no person requested),n/a (no person requested),no,no,,vision pass 1 (agent),42,1024,1024,21.94,8b8aaac0977824c034cf74de3e3325d8ce4bd0bd16edd1e3d6a5bd2975a97509,True,True,prompts/renian__still_life__A_content_only.txt,1,ratings-still_life-s42.json#
renian__still_life__A_content_only__1234,renian,still_life,A_content_only,1234,generated_rated,0,5,0,4,see evidence,see evidence,no,no,photo still life,vision pass 1 (agent),1234,1024,1024,21.85,8c16c61834fdfc48b472906b0945b2b410e801d54127cbca54f1d8c1d4a2da21,True,True,prompts/renian__still_life__A_content_only.txt,1,ratings-rest-seeds.json#
renian__still_life__A_content_only__20260927,renian,still_life,A_content_only,20260927,generated_rated,0,5,0,4,see evidence,see evidence,no,no,photo still life,vision pass 1 (agent),20260927,1024,1024,21.84,f4feed35d5184a59e11f6f5b9f1011778252019ee85b8adfd6b4b31e1eade235,True,True,prompts/renian__still_life__A_content_only.txt,1,ratings-rest-seeds.json#
renian__still_life__B_text_short__42,renian,still_life,B_text_short,42,generated_rated,1,5,0,4,n/a (no person requested),n/a (no person requested),no,no,,vision pass 1 (agent),42,1024,1024,21.94,73dae2a9d6e86cb3759aac4557f27497c167e031d1e064dff200abd86aa7f68a,True,True,prompts/renian__still_life__B_text_short.txt,1,ratings-still_life-s42.json#
renian__still_life__B_text_short__1234,renian,still_life,B_text_short,1234,generated_rated,1,5,0,4,see evidence,see evidence,no,no,"warm cast only; all objects present, no person",vision pass 1 (agent),1234,1024,1024,21.92,bc69aaf865a63c95932768d8b1058408b75bdb81f31b7800ae08039604d1edee,True,True,prompts/renian__still_life__B_text_short.txt,1,ratings-rest-seeds.json#
renian__still_life__B_text_short__20260927,renian,still_life,B_text_short,20260927,generated_rated,1,5,0,4,see evidence,see evidence,no,no,"warm cast only; all objects present, no person",vision pass 1 (agent),20260927,1024,1024,21.95,201971f0b413e48127a65f6c29796b0f3e7cf825340799b79e0f21155e6a6112,True,True,prompts/renian__still_life__B_text_short.txt,1,ratings-rest-seeds.json#
renian__still_life__C_ref_only__42,renian,still_life,C_ref_only,42,generated_rated,1,5,0,4,n/a (no person requested),n/a (no person requested),no,no,,vision pass 1 (agent),42,1024,1024,25.62,4344de3c1b90da3dd177c24a66a73557ad54b1099d56a7459bd4d3a8149354fb,True,True,prompts/renian__still_life__C_ref_only.txt,1,ratings-still_life-s42.json#
renian__still_life__C_ref_only__1234,renian,still_life,C_ref_only,1234,generated_rated,1,5,0,4,see evidence,see evidence,no,no,slight warm cast; no person,vision pass 1 (agent),1234,1024,1024,25.72,817fb9d7fd930d9ee644d71051d456d3a7ea9e9079b0ae78c9a1dca9bbd8349d,True,True,prompts/renian__still_life__C_ref_only.txt,1,ratings-rest-seeds.json#
renian__still_life__C_ref_only__20260927,renian,still_life,C_ref_only,20260927,generated_rated,1,5,0,4,see evidence,see evidence,no,no,slight warm cast; no person,vision pass 1 (agent),20260927,1024,1024,25.63,427e43805efe77ca24c692e3ba753f90cf6a767d6fb6607652a50db7e967de19,True,True,prompts/renian__still_life__C_ref_only.txt,1,ratings-rest-seeds.json#
renian__still_life__D_ref_long__42,renian,still_life,D_ref_long,42,generated_rated,4,0,5,4,n/a (no person requested),n/a (no person requested),the underwater mint-haired reference protagonist replaces the still life,no,,vision pass 1 (agent),42,1024,1024,26.55,b7e1d60d47f97470144edaa5780e42005d11a9481da3fcb7de802f5730f28dca,True,True,prompts/renian__still_life__D_ref_long.txt,1,ratings-still_life-s42.json#
renian__still_life__D_ref_long__1234,renian,still_life,D_ref_long,1234,generated_rated,4,1,5,4,see evidence,see evidence,see evidence,no,the underwater mint-haired protagonist replaces the still life,vision pass 1 (agent),1234,1024,1024,26.5,5af427ff5ff924fa0ba42dcf3f05c3d9412749dd15f596faa7e104aa6525b99d,True,True,prompts/renian__still_life__D_ref_long.txt,1,ratings-rest-seeds.json#
renian__still_life__D_ref_long__20260927,renian,still_life,D_ref_long,20260927,generated_rated,4,1,5,4,see evidence,see evidence,see evidence,no,the underwater mint-haired protagonist replaces the still life,vision pass 1 (agent),20260927,1024,1024,26.55,126c4aab1e0cfd379060e7d08421b363b28220f1ae26615f85ef28e640409ae8,True,True,prompts/renian__still_life__D_ref_long.txt,1,ratings-rest-seeds.json#
renian__still_life__E_ref_short__42,renian,still_life,E_ref_short,42,generated_rated,4,2,4,4,n/a (no person requested),n/a (no person requested),"a giant translucent mint-haired figure towers behind the requested teapot, cup and lemons",no,,vision pass 1 (agent),42,1024,1024,25.73,7d6fd5866237747132810e3d644d5ce9667a081e7ddd04432f9a5650b0343432,True,True,prompts/renian__still_life__E_ref_short.txt,1,ratings-still_life-s42.json#
renian__still_life__E_ref_short__1234,renian,still_life,E_ref_short,1234,generated_rated,4,2,4,4,see evidence,see evidence,see evidence,no,a giant translucent mint-haired figure towers behind the requested objects,vision pass 1 (agent),1234,1024,1024,25.75,253b5ae9b5f1e77489da6c6f33157df4df1e05709012a867745d7896e62432e4,True,True,prompts/renian__still_life__E_ref_short.txt,1,ratings-rest-seeds.json#
renian__still_life__E_ref_short__20260927,renian,still_life,E_ref_short,20260927,generated_rated,4,2,4,4,see evidence,see evidence,see evidence,no,a giant translucent mint-haired figure towers behind the requested objects,vision pass 1 (agent),20260927,1024,1024,25.72,e08e44501d2c963736f1dd860ca8dae7388693724ee16668f3caf11bdb808595,True,True,prompts/renian__still_life__E_ref_short.txt,1,ratings-rest-seeds.json#
renian__still_life__F_ref_priority__42,renian,still_life,F_ref_priority,42,generated_rated,4,2,4,4,n/a (no person requested),n/a (no person requested),same translucent mint figure with bubbles; still life survives only as a foreground ledge,no,,vision pass 1 (agent),42,1024,1024,25.74,f60b0cd4407282200078e959d02ec42085efc4648fb05fc6750e470aefd5d17c,True,True,prompts/renian__still_life__F_ref_priority.txt,1,ratings-still_life-s42.json#
renian__still_life__F_ref_priority__1234,renian,still_life,F_ref_priority,1234,generated_rated,4,2,4,4,see evidence,see evidence,see evidence,no,"same translucent mint figure; teapot, cup and lemons survive in front",vision pass 1 (agent),1234,1024,1024,25.82,44ec4d1b1a8a950e6e65c7086707bca2cca227e9d3ce43eb9d3797a85d609c7a,True,True,prompts/renian__still_life__F_ref_priority.txt,1,ratings-rest-seeds.json#
renian__still_life__F_ref_priority__20260927,renian,still_life,F_ref_priority,20260927,generated_rated,4,2,4,4,see evidence,see evidence,see evidence,no,"same translucent mint figure; teapot, cup and lemons survive in front",vision pass 1 (agent),20260927,1024,1024,25.86,5118269bb8d7eadd8c7ce844b09ab039353c902d3908edc00cd763098caa6c7a,True,True,prompts/renian__still_life__F_ref_priority.txt,1,ratings-rest-seeds.json#
renian__dual__G_dual_content_only__42,renian,dual,G_dual_content_only,42,generated_rated,0,5,0,4,no,no,no,no,"Content image alone: woman, dress and blue interior reproduced closely.",vision pass 1 (agent),42,1024,1024,25.48,8b93ced75c6a6efa39058f151696bab14c8a8184851ca841200ca967fb1e67ca,True,True,prompts/renian__dual__G_dual_content_only.txt,1,ratings-dual.json#
renian__dual__G_dual_content_only__1234,renian,dual,G_dual_content_only,1234,generated_rated,0,4,0,4,no,no,no,no,"Content image alone: woman and interior preserved; the aqua bloom of the H group is absent, confirming it comes from the reference.",vision pass 1 (agent),1234,1024,1024,25.45,2886b38462529e904cde91b3cf8c3a03a932f3a696c6da591484284d4c3eac84,True,True,prompts/renian__dual__G_dual_content_only.txt,1,ratings-dual.json#
renian__dual__G_dual_content_only__20260927,renian,dual,G_dual_content_only,20260927,generated_rated,0,4,0,4,no,no,no,no,"Content image alone: same subject, dress and setting; no bubbles and no aqua cast.",vision pass 1 (agent),20260927,1024,1024,25.34,531b013afaa058fd3e3cd389b9333d93140b79b15c1fbbb449d3dbf9f3a01da6,True,True,prompts/renian__dual__G_dual_content_only.txt,1,ratings-dual.json#
renian__dual__H_dual_style_priority__42,renian,dual,H_dual_style_priority,42,generated_rated,3,4,2,4,no,dress neckline lowered and layers added,no,no,"Woman and interior kept; the palette turns aqua-lavender with a soft bloom and the dress gains a translucent layer, echoing the renian reference. No mint-haired substitute.",vision pass 1 (agent),42,1024,1024,29.33,33869a6fba227d07f998655e5c2f7ebf1932f55be638e9cb7dbd0042d875fb27,True,True,prompts/renian__dual__H_dual_style_priority.txt,1,ratings-dual.json#
renian__dual__H_dual_style_priority__1234,renian,dual,H_dual_style_priority,1234,generated_rated,3,4,2,4,no,dress neckline lowered and layers added,no,no,Same subject and setting under an aqua bloom; the reference's bubbles appear only faintly.,vision pass 1 (agent),1234,1024,1024,29.32,efd937038cac57475c486af4e5ded3371e512dfa80de2e13b96fc9da34a289a2,True,True,prompts/renian__dual__H_dual_style_priority.txt,1,ratings-dual.json#
renian__dual__H_dual_style_priority__20260927,renian,dual,H_dual_style_priority,20260927,generated_rated,3,4,2,4,no,dress neckline lowered and layers added,no,no,Content retained with a renian-like aqua bloom and soft highlights; the subject's identity is not swapped.,vision pass 1 (agent),20260927,1024,1024,29.32,7589a48d60682fc0ea2a68e65dc0b6f2b985b1227b884274e258bd5414492d30,True,True,prompts/renian__dual__H_dual_style_priority.txt,1,ratings-dual.json#
